adda_player_id,league,season_num,dc_season_id,dc_id,first,last,dc_team,division,adda_team_id,match_method,status,note
720,ADDA,57,11383,200998,Buck,Buckley,Brewhouse Bull Masters,A,105,dcid,resolved,dcid match; name not on canonical team roster for season
301,ADDA,57,11383,204704,David,Ozyp,Brewhouse Bull Masters,A,105,dcid,resolved,
1432,ADDA,57,11383,415419,Darin,Paine,Brewhouse Bull Masters,A,105,dcid,resolved,
458,ADDA,57,11383,416720,Paul,Rodecker,Brewhouse Bull Masters,A,105,dcid,resolved,
297,ADDA,57,11383,415418,Matty,Ryan,Brewhouse Bull Masters,A,105,dcid,resolved,
302,ADDA,57,11383,200999,Bo,Scott,Brewhouse Bull Masters,A,105,dcid,resolved,
3105,ADDA,57,11383,416589,zz Alternate,zz,Brewhouse Bull Masters,A,105,dcid,placeholder,"shared DC alternate account, not a person"
1152,ADDA,57,11383,416130,Jeff,Davis,Darty Rotten Scoundrels,A,99,dcid,resolved,
696,ADDA,57,11383,416129,Jamila,Hankins,Darty Rotten Scoundrels,A,99,dcid,resolved,
1345,ADDA,57,11383,416128,Tyler,Mabry,Darty Rotten Scoundrels,A,99,dcid,resolved,
1266,ADDA,57,11383,201001,Patrick,McCoy,Darty Rotten Scoundrels,A,99,dcid,resolved,
1471,ADDA,57,11383,416127,Charlene,Sotolongo,Darty Rotten Scoundrels,A,99,dcid,resolved,
1470,ADDA,57,11383,416126,Tim,Truman,Darty Rotten Scoundrels,A,99,dcid,resolved,
3099,ADDA,57,11383,416586,zz Alternate,zz,Darty Rotten Scoundrels,A,99,dcid,placeholder,"shared DC alternate account, not a person"
829,ADDA,57,11383,204715,Phillip,Appiah,Darty Sanchez,A,222,dcid,resolved,
1468,ADDA,57,11383,415415,Jim,Davis,Darty Sanchez,A,222,dcid,resolved,
1833,ADDA,57,11383,415414,Jacob,Flood,Darty Sanchez,A,222,dcid,resolved,
429,ADDA,57,11383,415417,Mike,Gentry,Darty Sanchez,A,222,dcid,resolved,
1371,ADDA,57,11383,415416,Jimy,Hoadley,Darty Sanchez,A,222,dcid,resolved,
1022,ADDA,57,11383,204714,Jamie ,Lane,Darty Sanchez,A,222,dcid,resolved,
3087,ADDA,57,11383,416588,zz Alternate,zz,Darty Sanchez,A,222,dcid,placeholder,"shared DC alternate account, not a person"
2,ADDA,57,11383,204711,Neil,Bronstein,Menace II Sobriety,A,243,dcid,resolved,
8,ADDA,57,11383,200990,Gus,Glaw,Menace II Sobriety,A,243,dcid,resolved,
427,ADDA,57,11383,204707,Dacey,Hartsfield,Menace II Sobriety,A,243,dcid,resolved,
173,ADDA,57,11383,204709,Tom,Hidock,Menace II Sobriety,A,243,dcid,resolved,
499,ADDA,57,11383,205023,Brian,Lane,Menace II Sobriety,A,243,dcid,resolved,
4,ADDA,57,11383,200991,Wade,Moricle,Menace II Sobriety,A,243,dcid,resolved,
6,ADDA,57,11383,204710,Rob,Sten,Menace II Sobriety,A,243,dcid,resolved,
3243,ADDA,57,11383,416590,zz Alternate,zz,Menace II Sobriety,A,243,dcid,placeholder,"shared DC alternate account, not a person"
1138,ADDA,57,11383,415463,Robert,Graham,Paul Dart Mall Cop,A,241,dcid,resolved,
1137,ADDA,57,11383,415459,Ben,McGlamery,Paul Dart Mall Cop,A,241,dcid,resolved,
1235,ADDA,57,11383,415461,Matt,McGlamery,Paul Dart Mall Cop,A,241,dcid,resolved,
1454,ADDA,57,11383,415462,Andrew,McIntosh,Paul Dart Mall Cop,A,241,dcid,resolved,
1479,ADDA,57,11383,415460,Caleb,Weir,Paul Dart Mall Cop,A,241,dcid,resolved,
1463,ADDA,57,11383,415464,Gavin,Williams,Paul Dart Mall Cop,A,241,dcid,resolved,
3241,ADDA,57,11383,416585,zz Alternate,zz,Paul Dart Mall Cop,A,241,dcid,placeholder,"shared DC alternate account, not a person"
1053,ADDA,57,11383,200993,Shayne,Adams,We're Sexy and We Throw It,A,228,dcid,resolved,
1097,ADDA,57,11383,200986,Jacob,Gauthier,We're Sexy and We Throw It,A,228,dcid,resolved,
1036,ADDA,57,11383,200995,Andy,McClatchey,We're Sexy and We Throw It,A,228,dcid,resolved,
1,ADDA,57,11383,204708,Justin ,Stewart,We're Sexy and We Throw It,A,228,dcid,resolved,
1039,ADDA,57,11383,200996,William,Vance,We're Sexy and We Throw It,A,228,dcid,resolved,
1216,ADDA,57,11383,200994,Dustin,Weaver,We're Sexy and We Throw It,A,228,dcid,resolved,
3228,ADDA,57,11383,416587,zz Alternate,zz,We're Sexy and We Throw It,A,228,dcid,placeholder,"shared DC alternate account, not a person"
1437,ADDA,57,11383,415982,Myles,Andre,Dart Bags,B,277,dcid,resolved,
1435,ADDA,57,11383,415985,Derrick,Blackman,Dart Bags,B,277,dcid,resolved,
1797,ADDA,57,11383,415984,Artie,Nicholaus,Dart Bags,B,277,dcid,resolved,
1755,ADDA,57,11383,415986,Dave,Reis,Dart Bags,B,277,dcid,resolved,
1164,ADDA,57,11383,201011,Ryan,Reynolds,Dart Bags,B,277,dcid,resolved,
1436,ADDA,57,11383,415983,Ryan,Schumacher,Dart Bags,B,277,dcid,resolved,
3277,ADDA,57,11383,416579,zz Alternate,zz,Dart Bags,B,277,dcid,placeholder,"shared DC alternate account, not a person"
1416,ADDA,57,11383,415456,Matt,Bailey,Darty Birds,B,275,dcid,resolved,
1417,ADDA,57,11383,415457,Dave,Benkeser,Darty Birds,B,275,dcid,resolved,
1414,ADDA,57,11383,201008,David,Hooten,Darty Birds,B,275,dcid,resolved,
1415,ADDA,57,11383,415455,Max,Leonard,Darty Birds,B,275,dcid,resolved,
1439,ADDA,57,11383,415458,Andrew,Mistretta,Darty Birds,B,275,dcid,resolved,
3275,ADDA,57,11383,416581,zz Alternate,zz,Darty Birds,B,275,dcid,placeholder,"shared DC alternate account, not a person"
1785,ADDA,57,11383,415437,Paul,Amedeo,Inner Voice,B,283,dcid,resolved,
1449,ADDA,57,11383,204712,Alex,Carter,Inner Voice,B,283,dcid,resolved,
1788,ADDA,57,11383,415440,Josh,Johnson,Inner Voice,B,283,dcid,resolved,
1790,ADDA,57,11383,415438,Joed,Kendrick,Inner Voice,B,283,dcid,resolved,
1835,ADDA,57,11383,416687,Jeff,Linn,Inner Voice,B,283,dcid,resolved,
1816,ADDA,57,11383,421099,Matt,Roszak,Inner Voice,B,283,dcid,resolved,
1789,ADDA,57,11383,416688,Patrick,Woods,Inner Voice,B,283,dcid,resolved,
1786,ADDA,57,11383,415439,Tristan,Ziegler,Inner Voice,B,283,dcid,resolved,
3283,ADDA,57,11383,416580,zz Alternate,zz,Inner Voice,B,283,dcid,placeholder,"shared DC alternate account, not a person"
1410,ADDA,57,11383,416071,Rede,Hankinson,No Mas,B,276,dcid,resolved,
1409,ADDA,57,11383,201007,PJ,Hon,No Mas,B,276,dcid,resolved,
1446,ADDA,57,11383,416072,Dave,Jordan,No Mas,B,276,dcid,resolved,
1477,ADDA,57,11383,416074,Rob,Koppenhaver,No Mas,B,276,dcid,resolved,
1393,ADDA,57,11383,416073,Matthew,Suhr,No Mas,B,276,dcid,resolved,
1800,ADDA,57,11383,416075,Sloan,Ware,No Mas,B,276,dcid,resolved,
3276,ADDA,57,11383,416582,zz Alternate,zz,No Mas,B,276,dcid,placeholder,"shared DC alternate account, not a person"
1769,ADDA,57,11383,415450,Conner,Allred,The Drunken Phoenix,B,240,dcid,resolved,
1128,ADDA,57,11383,201003,Frank,Cassino,The Drunken Phoenix,B,240,dcid,resolved,
935,ADDA,57,11383,415449,Tom,Gramling,The Drunken Phoenix,B,240,dcid,resolved,
1130,ADDA,57,11383,415448,Bryan,Hieserman,The Drunken Phoenix,B,240,dcid,resolved,
1133,ADDA,57,11383,415452,Stephen,Pritchett,The Drunken Phoenix,B,240,dcid,resolved,
1131,ADDA,57,11383,415451,Scott,Robinson,The Drunken Phoenix,B,240,dcid,resolved,
1135,ADDA,57,11383,415453,Darrin,Tigue,The Drunken Phoenix,B,240,dcid,resolved,
3240,ADDA,57,11383,416584,zz Alternate,zz,The Drunken Phoenix,B,240,dcid,placeholder,"shared DC alternate account, not a person"
428,ADDA,57,11383,415473,Sabah,Ahmad,Yacht Dawgs,B,2,dcid,resolved,
680,ADDA,57,11383,204717,Jeff,Bekiares,Yacht Dawgs,B,2,dcid,resolved,
663,ADDA,57,11383,415475,Levi,Blinson,Yacht Dawgs,B,2,dcid,resolved,
258,ADDA,57,11383,415474,Rich,Dufford,Yacht Dawgs,B,2,dcid,resolved,
169,ADDA,57,11383,415470,Krisna,Gendo,Yacht Dawgs,B,2,dcid,resolved,
425,ADDA,57,11383,415471,Donald,Kjorlien,Yacht Dawgs,B,2,dcid,resolved,
995,ADDA,57,11383,415472,Ryan,Price,Yacht Dawgs,B,2,dcid,resolved,
33,ADDA,57,11383,200987,Frank,Schultz,Yacht Dawgs,B,2,dcid,resolved,
3002,ADDA,57,11383,417985,zz Alternate,zz ,Yacht Dawgs,B,2,dcid,placeholder,"shared DC alternate account, not a person"
1175,ADDA,57,11383,201006,Brent,Harris,Castleberry Hill Dart Club,C,246,dcid,resolved,
433,ADDA,57,11383,415428,Sara,Haskew,Castleberry Hill Dart Club,C,246,dcid,resolved,
1448,ADDA,57,11383,415427,Amelia,Hill,Castleberry Hill Dart Club,C,246,dcid,resolved,
1363,ADDA,57,11383,416489,Jeff,Jurgena,Castleberry Hill Dart Club,C,246,dcid,resolved,
1467,ADDA,57,11383,415429,Dan,Niewoehner,Castleberry Hill Dart Club,C,246,dcid,resolved,
3246,ADDA,57,11383,416492,zz Alternate,zz,Castleberry Hill Dart Club,C,246,dcid,placeholder,"shared DC alternate account, not a person"
1855,ADDA,57,11383,416123,Duncan,Albert,Dirty Darters,C,289,dcid,resolved,
1842,ADDA,57,11383,416715,Connor,Bernhard,Dirty Darters,C,289,dcid,resolved,
1860,ADDA,57,11383,416714,Ted,Eader,Dirty Darters,C,289,dcid,resolved,
1839,ADDA,57,11383,416124,Patrick,Gallagher,Dirty Darters,C,289,dcid,resolved,
1854,ADDA,57,11383,416122,Eric,Goodrich,Dirty Darters,C,289,dcid,resolved,
1859,ADDA,57,11383,416713,Rodney,Mosteller,Dirty Darters,C,289,dcid,resolved,
1856,ADDA,57,11383,416709,Taylor,Schmidt,Dirty Darters,C,289,dcid,resolved,
1857,ADDA,57,11383,416711,Daniel,Wartner,Dirty Darters,C,289,dcid,resolved,
3289,ADDA,57,11383,416575,zz Alternate,zz,Dirty Darters,C,289,dcid,placeholder,"shared DC alternate account, not a person"
1781,ADDA,57,11383,415446,Eliot,Beckham,MBT20,C,282,dcid,resolved,
1089,ADDA,57,11383,421075,Xander,Johnson,MBT20,C,282,dcid,resolved,
1002,ADDA,57,11383,415443,Heather,Koth,MBT20,C,282,dcid,resolved,
1460,ADDA,57,11383,415442,Josh,McLaurin,MBT20,C,282,dcid,resolved,
1322,ADDA,57,11383,415441,Robert,Sills,MBT20,C,282,dcid,resolved,
1007,ADDA,57,11383,415444,Laura,Steul,MBT20,C,282,dcid,resolved,
1826,ADDA,57,11383,415445,Michael,Walsh,MBT20,C,282,dcid,resolved,
3282,ADDA,57,11383,416576,zz Alternate,zz,MBT20,C,282,dcid,placeholder,"shared DC alternate account, not a person"
2028,ADDA,57,11383,416485,Johnny,Burns,Needledicks,C,245,dcid,resolved,
1481,ADDA,57,11383,416132,Chase,Cochran,Needledicks,C,245,dcid,resolved,
1045,ADDA,57,11383,200997,Sam,Farmer,Needledicks,C,245,dcid,resolved,
1042,ADDA,57,11383,416135,Jimmy,Horton,Needledicks,C,245,dcid,resolved,
1226,ADDA,57,11383,416121,Tom,Kerekes,Needledicks,C,245,dcid,resolved,
1162,ADDA,57,11383,416131,Jake,Star,Needledicks,C,245,dcid,resolved,
1478,ADDA,57,11383,416134,Craig,Tanguay,Needledicks,C,245,dcid,resolved,
1044,ADDA,57,11383,416133,Drew,Wood,Needledicks,C,245,dcid,resolved,
3245,ADDA,57,11383,416578,zz Alternate,zz,Needledicks,C,245,dcid,placeholder,"shared DC alternate account, not a person"
334,ADDA,57,11383,415425,Matt,Hall,Off in the Woods,C,47,dcid,resolved,
332,ADDA,57,11383,415422,Miro,Malesevic,Off in the Woods,C,47,dcid,resolved,
339,ADDA,57,11383,415420,Scott,Mitchell,Off in the Woods,C,47,dcid,resolved,
296,ADDA,57,11383,415421,Brian,Reber,Off in the Woods,C,47,dcid,resolved,
1805,ADDA,57,11383,415426,Merrick,Royball,Off in the Woods,C,47,dcid,resolved,
333,ADDA,57,11383,415423,Kristin,Thorsen,Off in the Woods,C,47,dcid,resolved,
590,ADDA,57,11383,415424,Matt,Weaver,Off in the Woods,C,47,dcid,resolved,
3047,ADDA,57,11383,416494,zz Alternate,zz,Off in the Woods,C,47,dcid,placeholder,"shared DC alternate account, not a person"
1011,ADDA,57,11383,415432,Charlie,Cates,"Poker, We Don't Know Her",C,48,dcid,resolved,
1170,ADDA,57,11383,415434,Sean,Chance,"Poker, We Don't Know Her",C,48,dcid,resolved,
382,ADDA,57,11383,415431,Emory,Cullen,"Poker, We Don't Know Her",C,48,dcid,resolved,
1214,ADDA,57,11383,415436,Todd,Gandee,"Poker, We Don't Know Her",C,48,dcid,resolved,
519,ADDA,57,11383,415433,Chris,Jones,"Poker, We Don't Know Her",C,48,dcid,resolved,
1033,ADDA,57,11383,415435,Doug,Sprinkle,"Poker, We Don't Know Her",C,48,dcid,resolved,
3048,ADDA,57,11383,416577,zz Alternate,zz,"Poker, We Don't Know Her",C,48,dcid,placeholder,"shared DC alternate account, not a person"
1771,ADDA,57,11383,415467,Paul,Cloutier,Dart Attacks,D,209,dcid,resolved,
1456,ADDA,57,11383,415465,Ryan,Evans,Dart Attacks,D,209,dcid,resolved,
1780,ADDA,57,11383,415468,Thomas,Forbes,Dart Attacks,D,209,dcid,resolved,
943,ADDA,57,11383,201012,Bill,Griffin,Dart Attacks,D,209,dcid,resolved,
1455,ADDA,57,11383,415466,Leanna,London,Dart Attacks,D,209,dcid,resolved,
1838,ADDA,57,11383,415469,Reaghan,Smith,Dart Attacks,D,209,dcid,resolved,
3209,ADDA,57,11383,416571,zz Alternate,zz,Dart Attacks,D,209,dcid,placeholder,"shared DC alternate account, not a person"
1866,ADDA,57,11383,416116,Lauren,Alvarez,Gatitos de la Muerte,D,190,dcid,resolved,
1081,ADDA,57,11383,416114,Jumpy,Burns,Gatitos de la Muerte,D,190,dcid,resolved,
1143,ADDA,57,11383,416117,Matt,Cartin,Gatitos de la Muerte,D,190,dcid,resolved,
274,ADDA,57,11383,416118,Chris,Cline,Gatitos de la Muerte,D,190,dcid,resolved,
1751,ADDA,57,11383,416113,Erica,Fortune,Gatitos de la Muerte,D,190,dcid,resolved,
1111,ADDA,57,11383,416112,Paul,Granade,Gatitos de la Muerte,D,190,dcid,resolved,
1108,ADDA,57,11383,201004,Bretton,McIlrath,Gatitos de la Muerte,D,190,dcid,resolved,
1260,ADDA,57,11383,201009,Brian,Newsome,Gatitos de la Muerte,D,190,dcid,resolved,
1228,ADDA,57,11383,416115,James,Steadham,Gatitos de la Muerte,D,190,dcid,resolved,
3190,ADDA,57,11383,416493,zz Alternate,zz,Gatitos de la Muerte,D,190,dcid,placeholder,"shared DC alternate account, not a person"
1385,ADDA,57,11383,201010,Nick,DeMarco,Projectile Dysfunction,D,177,dcid,resolved,
1773,ADDA,57,11383,416109,Brendan,Elizondo,Projectile Dysfunction,D,177,dcid,resolved,
1386,ADDA,57,11383,416107,Ryan,Murphy,Projectile Dysfunction,D,177,dcid,resolved,
1804,ADDA,57,11383,416108,Jaron,Neal,Projectile Dysfunction,D,177,dcid,resolved,
1431,ADDA,57,11383,416110,Antonio,Pfleegor,Projectile Dysfunction,D,177,dcid,resolved,
1388,ADDA,57,11383,416111,Bruce,Thomas,Projectile Dysfunction,D,177,dcid,resolved,
3177,ADDA,57,11383,416573,zz Alternate,zz,Projectile Dysfunction,D,177,dcid,placeholder,"shared DC alternate account, not a person"
1830,ADDA,57,11383,415483,Jason,Boley,UFO's,D,196,dcid,resolved,
1831,ADDA,57,11383,415482,Ben,Clayton,UFO's,D,196,dcid,resolved,
1832,ADDA,57,11383,415481,Lindsey,Dowell,UFO's,D,196,dcid,resolved,
876,ADDA,57,11383,415430,Michael,Dryden,UFO's,D,196,dcid,resolved,
1251,ADDA,57,11383,415484,Jeff,Gordon,UFO's,D,196,dcid,resolved,
1475,ADDA,57,11383,415476,Mike,Gover,UFO's,D,196,dcid,resolved,
1403,ADDA,57,11383,415480,Scott,Jones,UFO's,D,196,dcid,resolved,
910,ADDA,57,11383,415479,Kevin,Leipow,UFO's,D,196,dcid,resolved,
861,ADDA,57,11383,415478,Doug,Lueder,UFO's,D,196,dcid,resolved,
860,ADDA,57,11383,415477,Moran,Vered,UFO's,D,196,dcid,resolved,
3196,ADDA,57,11383,416574,zz Alternate,zz,UFO's,D,196,dcid,placeholder,"shared DC alternate account, not a person"
1867,ADDA,57,11383,418154,Spencer,Bauer,USS Big Hard,D,266,dcid,resolved,
1397,ADDA,57,11383,416076,Doug,Holloway,USS Big Hard,D,266,dcid,resolved,
1770,ADDA,57,11383,416081,Josh,Hunsberger,USS Big Hard,D,266,dcid,resolved,
1396,ADDA,57,11383,416079,Hayley,McNutt,USS Big Hard,D,266,dcid,resolved,
1754,ADDA,57,11383,416078,Katt,Miteff,USS Big Hard,D,266,dcid,resolved,
1868,ADDA,57,11383,418155,Cameron,Pennington,USS Big Hard,D,266,dcid,resolved,
1863,ADDA,57,11383,416080,Ben,Rolader,USS Big Hard,D,266,dcid,resolved,
1445,ADDA,57,11383,416077,Greg,Shaw,USS Big Hard,D,266,dcid,resolved,
3266,ADDA,57,11383,416572,zz Alternate,zz,USS Big Hard,D,266,dcid,placeholder,"shared DC alternate account, not a person"
720,ADDA,58,12862,200998,Buck,Buckley,Brewhouse Bull Masters,A,105,dcid,resolved,dcid match; name not on canonical team roster for season
301,ADDA,58,12862,204704,David,Ozyp,Brewhouse Bull Masters,A,105,dcid,resolved,
1432,ADDA,58,12862,415419,Darin,Paine,Brewhouse Bull Masters,A,105,dcid,resolved,
458,ADDA,58,12862,416720,Paul,Rodecker,Brewhouse Bull Masters,A,105,dcid,resolved,
297,ADDA,58,12862,415418,Matty,Ryan,Brewhouse Bull Masters,A,105,dcid,resolved,
302,ADDA,58,12862,200999,Bo,Scott,Brewhouse Bull Masters,A,105,dcid,resolved,
3105,ADDA,58,12862,416589,zz Alternate,zz,Brewhouse Bull Masters,A,105,dcid,placeholder,"shared DC alternate account, not a person"
2,ADDA,58,12862,204711,Neil,Bronstein,Menace II Sobriety,A,243,dcid,resolved,
8,ADDA,58,12862,200990,Gus,Glaw,Menace II Sobriety,A,243,dcid,resolved,
427,ADDA,58,12862,204707,Dacey,Hartsfield,Menace II Sobriety,A,243,dcid,resolved,
173,ADDA,58,12862,204709,Tom,Hidock,Menace II Sobriety,A,243,dcid,resolved,
499,ADDA,58,12862,205023,Brian,Lane,Menace II Sobriety,A,243,dcid,resolved,
4,ADDA,58,12862,200991,Wade,Moricle,Menace II Sobriety,A,243,dcid,resolved,
6,ADDA,58,12862,204710,Rob,Sten,Menace II Sobriety,A,243,dcid,resolved,
3243,ADDA,58,12862,416590,zz Alternate,zz,Menace II Sobriety,A,243,dcid,placeholder,"shared DC alternate account, not a person"
429,ADDA,58,12862,415417,Mike,Gentry,No Mas,A,276,dcid,resolved,
1410,ADDA,58,12862,416071,Rede,Hankinson,No Mas,A,276,dcid,resolved,
1409,ADDA,58,12862,201007,PJ,Hon,No Mas,A,276,dcid,resolved,
1446,ADDA,58,12862,416072,Dave,Jordan,No Mas,A,276,dcid,resolved,
1477,ADDA,58,12862,416074,Rob,Koppenhaver,No Mas,A,276,dcid,resolved,
1393,ADDA,58,12862,416073,Matthew,Suhr,No Mas,A,276,dcid,resolved,
1800,ADDA,58,12862,416075,Sloan,Ware,No Mas,A,276,dcid,resolved,
3276,ADDA,58,12862,416582,zz Alternate,zz,No Mas,A,276,dcid,placeholder,"shared DC alternate account, not a person"
1138,ADDA,58,12862,415463,Robert,Graham,Paul Dart Mall Cop,A,241,dcid,resolved,
1137,ADDA,58,12862,415459,Ben,McGlamery,Paul Dart Mall Cop,A,241,dcid,resolved,
1235,ADDA,58,12862,415461,Matt,McGlamery,Paul Dart Mall Cop,A,241,dcid,resolved,
1454,ADDA,58,12862,415462,Andrew,McIntosh,Paul Dart Mall Cop,A,241,dcid,resolved,
1479,ADDA,58,12862,415460,Caleb,Weir,Paul Dart Mall Cop,A,241,dcid,resolved,
1463,ADDA,58,12862,415464,Gavin,Williams,Paul Dart Mall Cop,A,241,dcid,resolved,
3241,ADDA,58,12862,416585,zz Alternate,zz,Paul Dart Mall Cop,A,241,dcid,placeholder,"shared DC alternate account, not a person"
1053,ADDA,58,12862,200993,Shayne,Adams,We're Sexy and We Throw It,A,228,dcid,resolved,
1097,ADDA,58,12862,200986,Jacob,Gauthier,We're Sexy and We Throw It,A,228,dcid,resolved,
1036,ADDA,58,12862,200995,Andy,McClatchey,We're Sexy and We Throw It,A,228,dcid,resolved,
1,ADDA,58,12862,204708,Justin ,Stewart,We're Sexy and We Throw It,A,228,dcid,resolved,
1039,ADDA,58,12862,200996,William,Vance,We're Sexy and We Throw It,A,228,dcid,resolved,
1216,ADDA,58,12862,200994,Dustin,Weaver,We're Sexy and We Throw It,A,228,dcid,resolved,
3228,ADDA,58,12862,416587,zz Alternate,zz,We're Sexy and We Throw It,A,228,dcid,placeholder,"shared DC alternate account, not a person"
1152,ADDA,58,12862,416130,Jeff,Davis,Darty Rotten Scoundrels,B,99,dcid,resolved,
696,ADDA,58,12862,416129,Jamila,Hankins,Darty Rotten Scoundrels,B,99,dcid,resolved,
799,ADDA,58,12862,421935,Binz ,Hansen,Darty Rotten Scoundrels,B,99,dcid,resolved,
1345,ADDA,58,12862,416128,Tyler,Mabry,Darty Rotten Scoundrels,B,99,dcid,resolved,
1266,ADDA,58,12862,201001,Patrick,McCoy,Darty Rotten Scoundrels,B,99,dcid,resolved,
1471,ADDA,58,12862,416127,Charlene,Sotolongo,Darty Rotten Scoundrels,B,99,dcid,resolved,
1470,ADDA,58,12862,416126,Tim,Truman,Darty Rotten Scoundrels,B,99,dcid,resolved,
3099,ADDA,58,12862,416586,zz Alternate,zz,Darty Rotten Scoundrels,B,99,dcid,placeholder,"shared DC alternate account, not a person"
1855,ADDA,58,12862,416123,Duncan,Albert,Dirty Darters,B,289,dcid,resolved,
1842,ADDA,58,12862,416715,Connor,Bernhard,Dirty Darters,B,289,dcid,resolved,
1860,ADDA,58,12862,416714,Ted,Eader,Dirty Darters,B,289,dcid,resolved,
1839,ADDA,58,12862,416124,Patrick,Gallagher,Dirty Darters,B,289,dcid,resolved,
1854,ADDA,58,12862,416122,Eric,Goodrich,Dirty Darters,B,289,dcid,resolved,
1859,ADDA,58,12862,416713,Rodney,Mosteller,Dirty Darters,B,289,dcid,resolved,
1856,ADDA,58,12862,416709,Taylor,Schmidt,Dirty Darters,B,289,dcid,resolved,
1857,ADDA,58,12862,416711,Daniel,Wartner,Dirty Darters,B,289,dcid,resolved,
2027,ADDA,58,12862,438734,Bryan,Williamson,Dirty Darters,B,289,dcid,resolved,
3289,ADDA,58,12862,416575,zz Alternate,zz,Dirty Darters,B,289,dcid,placeholder,"shared DC alternate account, not a person"
1785,ADDA,58,12862,415437,Paul,Amedeo,Inner Voice,B,283,dcid,resolved,
1449,ADDA,58,12862,204712,Alex,Carter,Inner Voice,B,283,dcid,resolved,
1788,ADDA,58,12862,415440,Josh,Johnson,Inner Voice,B,283,dcid,resolved,
1790,ADDA,58,12862,415438,Joed,Kendrick,Inner Voice,B,283,dcid,resolved,
1835,ADDA,58,12862,416687,Jeff,Linn,Inner Voice,B,283,dcid,resolved,
1816,ADDA,58,12862,421099,Matt,Roszak,Inner Voice,B,283,dcid,resolved,
1789,ADDA,58,12862,416688,Patrick,Woods,Inner Voice,B,283,dcid,resolved,
1786,ADDA,58,12862,415439,Tristan,Ziegler,Inner Voice,B,283,dcid,resolved,
3283,ADDA,58,12862,416580,zz Alternate,zz,Inner Voice,B,283,dcid,placeholder,"shared DC alternate account, not a person"
1011,ADDA,58,12862,415432,Charlie,Cates,"Poker, We Don't Know Her",B,48,dcid,resolved,
1170,ADDA,58,12862,415434,Sean,Chance,"Poker, We Don't Know Her",B,48,dcid,resolved,
382,ADDA,58,12862,415431,Emory,Cullen,"Poker, We Don't Know Her",B,48,dcid,resolved,
1214,ADDA,58,12862,415436,Todd,Gandee,"Poker, We Don't Know Her",B,48,dcid,resolved,
519,ADDA,58,12862,415433,Chris,Jones,"Poker, We Don't Know Her",B,48,dcid,resolved,
1033,ADDA,58,12862,415435,Doug,Sprinkle,"Poker, We Don't Know Her",B,48,dcid,resolved,
3048,ADDA,58,12862,416577,zz Alternate,zz,"Poker, We Don't Know Her",B,48,dcid,placeholder,"shared DC alternate account, not a person"
1769,ADDA,58,12862,415450,Conner,Allred,The Drunken Phoenix,B,240,dcid,resolved,
1128,ADDA,58,12862,201003,Frank,Cassino,The Drunken Phoenix,B,240,dcid,resolved,
1130,ADDA,58,12862,415448,Bryan,Hieserman,The Drunken Phoenix,B,240,dcid,resolved,
1129,ADDA,58,12862,436135,Don,Hodack,The Drunken Phoenix,B,240,dcid,resolved,
1133,ADDA,58,12862,415452,Stephen,Pritchett,The Drunken Phoenix,B,240,dcid,resolved,
1131,ADDA,58,12862,415451,Scott,Robinson,The Drunken Phoenix,B,240,dcid,resolved,
1135,ADDA,58,12862,415453,Darrin,Tigue,The Drunken Phoenix,B,240,dcid,resolved,
3240,ADDA,58,12862,416584,zz Alternate,zz,The Drunken Phoenix,B,240,dcid,placeholder,"shared DC alternate account, not a person"
428,ADDA,58,12862,415473,Sabah,Ahmad,Yacht Dawgs,B,2,dcid,resolved,
680,ADDA,58,12862,204717,Jeff,Bekiares,Yacht Dawgs,B,2,dcid,resolved,
258,ADDA,58,12862,415474,Rich,Dufford,Yacht Dawgs,B,2,dcid,resolved,
169,ADDA,58,12862,415470,Krisna,Gendo,Yacht Dawgs,B,2,dcid,resolved,
425,ADDA,58,12862,415471,Donald,Kjorlien,Yacht Dawgs,B,2,dcid,resolved,
2015,ADDA,58,12862,446825,Joe ,Ryan,Yacht Dawgs,B,2,dcid,resolved,
33,ADDA,58,12862,200987,Frank,Schultz,Yacht Dawgs,B,2,dcid,resolved,
3002,ADDA,58,12862,417985,zz Alternate,zz ,Yacht Dawgs,B,2,dcid,placeholder,"shared DC alternate account, not a person"
1437,ADDA,58,12862,415982,Myles,Andre,Dart Bags,C,277,dcid,resolved,
1435,ADDA,58,12862,415985,Derrick,Blackman,Dart Bags,C,277,dcid,resolved,
1797,ADDA,58,12862,415984,Artie,Nicholaus,Dart Bags,C,277,dcid,resolved,
1755,ADDA,58,12862,415986,Dave,Reis,Dart Bags,C,277,dcid,resolved,
1164,ADDA,58,12862,201011,Ryan,Reynolds,Dart Bags,C,277,dcid,resolved,
1436,ADDA,58,12862,415983,Ryan,Schumacher,Dart Bags,C,277,dcid,resolved,
3277,ADDA,58,12862,416579,zz Alternate,zz,Dart Bags,C,277,dcid,placeholder,"shared DC alternate account, not a person"
1416,ADDA,58,12862,415456,Matt,Bailey,Darty Birds,C,275,dcid,resolved,
1417,ADDA,58,12862,415457,Dave,Benkeser,Darty Birds,C,275,dcid,resolved,
1418,ADDA,58,12862,432460,Cal,Hooten,Darty Birds,C,275,dcid,resolved,
1414,ADDA,58,12862,201008,David,Hooten,Darty Birds,C,275,dcid,resolved,
1415,ADDA,58,12862,415455,Max,Leonard,Darty Birds,C,275,dcid,resolved,
1439,ADDA,58,12862,415458,Andrew,Mistretta,Darty Birds,C,275,dcid,resolved,
3275,ADDA,58,12862,416581,zz Alternate,zz,Darty Birds,C,275,dcid,placeholder,"shared DC alternate account, not a person"
1781,ADDA,58,12862,415446,Eliot,Beckham,MBT20,C,282,dcid,resolved,
1089,ADDA,58,12862,421075,Xander,Johnson,MBT20,C,282,dcid,resolved,
1002,ADDA,58,12862,415443,Heather,Koth,MBT20,C,282,dcid,resolved,
1460,ADDA,58,12862,415442,Josh,McLaurin,MBT20,C,282,dcid,resolved,
1322,ADDA,58,12862,415441,Robert,Sills,MBT20,C,282,dcid,resolved,
1007,ADDA,58,12862,415444,Laura,Steul,MBT20,C,282,dcid,resolved,
1826,ADDA,58,12862,415445,Michael,Walsh,MBT20,C,282,dcid,resolved,
3282,ADDA,58,12862,416576,zz Alternate,zz,MBT20,C,282,dcid,placeholder,"shared DC alternate account, not a person"
334,ADDA,58,12862,415425,Matt,Hall,Off in the Woods,C,47,dcid,resolved,
332,ADDA,58,12862,415422,Miro,Malesevic,Off in the Woods,C,47,dcid,resolved,
339,ADDA,58,12862,415420,Scott,Mitchell,Off in the Woods,C,47,dcid,resolved,
296,ADDA,58,12862,415421,Brian,Reber,Off in the Woods,C,47,dcid,resolved,
1805,ADDA,58,12862,415426,Merrick,Royball,Off in the Woods,C,47,dcid,resolved,
333,ADDA,58,12862,415423,Kristin,Thorsen,Off in the Woods,C,47,dcid,resolved,
590,ADDA,58,12862,415424,Matt,Weaver,Off in the Woods,C,47,dcid,resolved,
3047,ADDA,58,12862,416494,zz Alternate,zz,Off in the Woods,C,47,dcid,placeholder,"shared DC alternate account, not a person"
1385,ADDA,58,12862,201010,Nick,DeMarco,Projectile Dysfunction,C,177,dcid,resolved,
1773,ADDA,58,12862,416109,Brendan,Elizondo,Projectile Dysfunction,C,177,dcid,resolved,
1386,ADDA,58,12862,416107,Ryan,Murphy,Projectile Dysfunction,C,177,dcid,resolved,
1804,ADDA,58,12862,416108,Jaron,Neal,Projectile Dysfunction,C,177,dcid,resolved,
1431,ADDA,58,12862,416110,Antonio,Pfleegor,Projectile Dysfunction,C,177,dcid,resolved,
1388,ADDA,58,12862,416111,Bruce,Thomas,Projectile Dysfunction,C,177,dcid,resolved,
3177,ADDA,58,12862,416573,zz Alternate,zz,Projectile Dysfunction,C,177,dcid,placeholder,"shared DC alternate account, not a person"
1830,ADDA,58,12862,415483,Jason,Boley,UFO's,C,196,dcid,resolved,
1831,ADDA,58,12862,415482,Ben,Clayton,UFO's,C,196,dcid,resolved,
1832,ADDA,58,12862,415481,Lindsey,Dowell,UFO's,C,196,dcid,resolved,
876,ADDA,58,12862,415430,Michael,Dryden,UFO's,C,196,dcid,resolved,
1251,ADDA,58,12862,415484,Jeff,Gordon,UFO's,C,196,dcid,resolved,
1475,ADDA,58,12862,415476,Mike,Gover,UFO's,C,196,dcid,resolved,
1403,ADDA,58,12862,415480,Scott,Jones,UFO's,C,196,dcid,resolved,
910,ADDA,58,12862,415479,Kevin,Leipow,UFO's,C,196,dcid,resolved,
861,ADDA,58,12862,415478,Doug,Lueder,UFO's,C,196,dcid,resolved,
860,ADDA,58,12862,415477,Moran,Vered,UFO's,C,196,dcid,resolved,
3196,ADDA,58,12862,416574,zz Alternate,zz,UFO's,C,196,dcid,placeholder,"shared DC alternate account, not a person"
1175,ADDA,58,12862,201006,Brent,Harris,Castleberry Hill Dart Club,D,246,dcid,resolved,
433,ADDA,58,12862,415428,Sara,Haskew,Castleberry Hill Dart Club,D,246,dcid,resolved,
1448,ADDA,58,12862,415427,Amelia,Hill,Castleberry Hill Dart Club,D,246,dcid,resolved,
1363,ADDA,58,12862,416489,Jeff,Jurgena,Castleberry Hill Dart Club,D,246,dcid,resolved,
2013,ADDA,58,12862,447825,Aneal,Khimani,Castleberry Hill Dart Club,D,246,dcid,resolved,
1467,ADDA,58,12862,415429,Dan,Niewoehner,Castleberry Hill Dart Club,D,246,dcid,resolved,
3246,ADDA,58,12862,416492,zz Alternate,zz,Castleberry Hill Dart Club,D,246,dcid,placeholder,"shared DC alternate account, not a person"
1771,ADDA,58,12862,415467,Paul,Cloutier,Dart Attacks,D,209,dcid,resolved,
1456,ADDA,58,12862,415465,Ryan,Evans,Dart Attacks,D,209,dcid,resolved,
1780,ADDA,58,12862,415468,Thomas,Forbes,Dart Attacks,D,209,dcid,resolved,
943,ADDA,58,12862,201012,Bill,Griffin,Dart Attacks,D,209,dcid,resolved,
1455,ADDA,58,12862,415466,Leanna,London,Dart Attacks,D,209,dcid,resolved,
1838,ADDA,58,12862,415469,Reaghan,Smith,Dart Attacks,D,209,dcid,resolved,
3209,ADDA,58,12862,416571,zz Alternate,zz,Dart Attacks,D,209,dcid,placeholder,"shared DC alternate account, not a person"
524,ADDA,58,12862,428322,John ,Collins,Flight Club,D,81,dcid,resolved,
619,ADDA,58,12862,428319,Mike,Fitzgibbon,Flight Club,D,81,dcid,resolved,
1759,ADDA,58,12862,428323,Brian,Fletcher,Flight Club,D,81,dcid,resolved,
1148,ADDA,58,12862,428321,John,Marty,Flight Club,D,81,dcid,resolved,
523,ADDA,58,12862,415454,David,Massey,Flight Club,D,81,dcid,resolved,
521,ADDA,58,12862,428318,Johnny,McConnell,Flight Club,D,81,dcid,resolved,
748,ADDA,58,12862,201002,Andy,Minkewicz,Flight Club,D,81,dcid,resolved,
526,ADDA,58,12862,428320,Trey,Smith,Flight Club,D,81,dcid,resolved,
525,ADDA,58,12862,428317,Tom,Williams,Flight Club,D,81,dcid,resolved,
1866,ADDA,58,12862,416116,Lauren,Alvarez,Gatitos de la Muerte,D,190,dcid,resolved,
1081,ADDA,58,12862,416114,Jumpy,Burns,Gatitos de la Muerte,D,190,dcid,resolved,
1143,ADDA,58,12862,416117,Matt,Cartin,Gatitos de la Muerte,D,190,dcid,resolved,
274,ADDA,58,12862,416118,Chris,Cline,Gatitos de la Muerte,D,190,dcid,resolved,
1751,ADDA,58,12862,416113,Erica,Fortune,Gatitos de la Muerte,D,190,dcid,resolved,
1109,ADDA,58,12862,431514,Amber,Gallagher,Gatitos de la Muerte,D,190,dcid,resolved,
1111,ADDA,58,12862,416112,Paul,Granade,Gatitos de la Muerte,D,190,dcid,resolved,
1108,ADDA,58,12862,201004,Bretton,McIlrath,Gatitos de la Muerte,D,190,dcid,resolved,
1260,ADDA,58,12862,201009,Brian,Newsome,Gatitos de la Muerte,D,190,dcid,resolved,
1228,ADDA,58,12862,416115,James,Steadham,Gatitos de la Muerte,D,190,dcid,resolved,
3190,ADDA,58,12862,416493,zz Alternate,zz,Gatitos de la Muerte,D,190,dcid,placeholder,"shared DC alternate account, not a person"
2028,ADDA,58,12862,416485,Johnny,Burns,Needledicks,D,245,dcid,resolved,
1481,ADDA,58,12862,416132,Chase,Cochran,Needledicks,D,245,dcid,resolved,
1045,ADDA,58,12862,200997,Sam,Farmer,Needledicks,D,245,dcid,resolved,
1042,ADDA,58,12862,416135,Jimmy,Horton,Needledicks,D,245,dcid,resolved,
1226,ADDA,58,12862,416121,Tom,Kerekes,Needledicks,D,245,dcid,resolved,
1162,ADDA,58,12862,416131,Jake,Star,Needledicks,D,245,dcid,resolved,
1478,ADDA,58,12862,416134,Craig,Tanguay,Needledicks,D,245,dcid,resolved,
1044,ADDA,58,12862,416133,Drew,Wood,Needledicks,D,245,dcid,resolved,
3245,ADDA,58,12862,416578,zz Alternate,zz,Needledicks,D,245,dcid,placeholder,"shared DC alternate account, not a person"
1867,ADDA,58,12862,418154,Spencer,Bauer,USS Big Hard,D,266,dcid,resolved,
1397,ADDA,58,12862,416076,Doug,Holloway,USS Big Hard,D,266,dcid,resolved,
1770,ADDA,58,12862,416081,Josh,Hunsberger,USS Big Hard,D,266,dcid,resolved,
1396,ADDA,58,12862,416079,Hayley,McNutt,USS Big Hard,D,266,dcid,resolved,
1754,ADDA,58,12862,416078,Katt,Miteff,USS Big Hard,D,266,dcid,resolved,
1868,ADDA,58,12862,418155,Cameron,Pennington,USS Big Hard,D,266,dcid,resolved,
1863,ADDA,58,12862,416080,Ben,Rolader,USS Big Hard,D,266,dcid,resolved,
1445,ADDA,58,12862,416077,Greg,Shaw,USS Big Hard,D,266,dcid,resolved,
3266,ADDA,58,12862,416572,zz Alternate,zz,USS Big Hard,D,266,dcid,placeholder,"shared DC alternate account, not a person"
1152,ADDA,59,14955,416130,Jeff,Davis,Darty Rotten Scoundrels,A,99,dcid,resolved,
696,ADDA,59,14955,416129,Jamila,Hankins,Darty Rotten Scoundrels,A,99,dcid,resolved,
799,ADDA,59,14955,421935,Binz ,Hansen,Darty Rotten Scoundrels,A,99,dcid,resolved,
2012,ADDA,59,14955,450188,Ryan ,Hansen,Darty Rotten Scoundrels,A,99,dcid,resolved,
1345,ADDA,59,14955,416128,Tyler,Mabry,Darty Rotten Scoundrels,A,99,dcid,resolved,
1266,ADDA,59,14955,201001,Patrick,McCoy,Darty Rotten Scoundrels,A,99,dcid,resolved,
3099,ADDA,59,14955,416586,zz Alternate,zz,Darty Rotten Scoundrels,A,99,dcid,placeholder,"shared DC alternate account, not a person"
14,ADDA,59,14955,421832,Steve,Blackburn,Menace II Sobriety,A,243,dcid,resolved,
2,ADDA,59,14955,204711,Neil,Bronstein,Menace II Sobriety,A,243,dcid,resolved,
8,ADDA,59,14955,200990,Gus,Glaw,Menace II Sobriety,A,243,dcid,resolved,
173,ADDA,59,14955,204709,Tom,Hidock,Menace II Sobriety,A,243,dcid,resolved,
499,ADDA,59,14955,205023,Brian,Lane,Menace II Sobriety,A,243,dcid,resolved,
300,ADDA,59,14955,205344,Jeff,Lell,Menace II Sobriety,A,243,dcid,resolved,
4,ADDA,59,14955,200991,Wade,Moricle,Menace II Sobriety,A,243,dcid,resolved,
3243,ADDA,59,14955,416590,zz Alternate,zz,Menace II Sobriety,A,243,dcid,placeholder,"shared DC alternate account, not a person"
429,ADDA,59,14955,415417,Mike,Gentry,No Mas,A,276,dcid,resolved,
1410,ADDA,59,14955,416071,Rede,Hankinson,No Mas,A,276,dcid,resolved,
1409,ADDA,59,14955,201007,PJ,Hon,No Mas,A,276,dcid,resolved,
1446,ADDA,59,14955,416072,Dave,Jordan,No Mas,A,276,dcid,resolved,
1477,ADDA,59,14955,416074,Rob,Koppenhaver,No Mas,A,276,dcid,resolved,
1393,ADDA,59,14955,416073,Matthew,Suhr,No Mas,A,276,dcid,resolved,
1800,ADDA,59,14955,416075,Sloan,Ware,No Mas,A,276,dcid,resolved,
3276,ADDA,59,14955,416582,zz Alternate,zz,No Mas,A,276,dcid,placeholder,"shared DC alternate account, not a person"
720,ADDA,59,14955,200998,Buck,Buckley,Paul Dart Mall Cop,A,241,dcid,resolved,dcid match; name not on canonical team roster for season
1138,ADDA,59,14955,415463,Robert,Graham,Paul Dart Mall Cop,A,241,dcid,resolved,
1137,ADDA,59,14955,415459,Ben,McGlamery,Paul Dart Mall Cop,A,241,dcid,resolved,
1235,ADDA,59,14955,415461,Matt,McGlamery,Paul Dart Mall Cop,A,241,dcid,resolved,
1454,ADDA,59,14955,415462,Andrew,McIntosh,Paul Dart Mall Cop,A,241,dcid,resolved,
1479,ADDA,59,14955,415460,Caleb,Weir,Paul Dart Mall Cop,A,241,dcid,resolved,
1463,ADDA,59,14955,415464,Gavin,Williams,Paul Dart Mall Cop,A,241,dcid,resolved,
3241,ADDA,59,14955,416585,zz Alternate,zz,Paul Dart Mall Cop,A,241,dcid,placeholder,"shared DC alternate account, not a person"
829,ADDA,59,14955,204715,Phillip,Appiah,Treble Makers,A,87,dcid,resolved,
1468,ADDA,59,14955,415415,Jim,Davis,Treble Makers,A,87,dcid,resolved,
2011,ADDA,59,14955,449086,Patrick,Goome,Treble Makers,A,87,dcid,resolved,dcid match; name not on canonical team roster for season
1022,ADDA,59,14955,204714,Jamie ,Lane,Treble Makers,A,87,dcid,resolved,
2014,ADDA,59,14955,449087,Kyle,Lindenmuth,Treble Makers,A,87,dcid,resolved,
3087,ADDA,59,14955,416588,zz Alternate,zz,Treble Makers,A,87,dcid,placeholder,"shared DC alternate account, not a person"
1053,ADDA,59,14955,200993,Shayne,Adams,We're Sexy and We Throw It,A,228,dcid,resolved,
1097,ADDA,59,14955,200986,Jacob,Gauthier,We're Sexy and We Throw It,A,228,dcid,resolved,
1036,ADDA,59,14955,200995,Andy,McClatchey,We're Sexy and We Throw It,A,228,dcid,resolved,
1,ADDA,59,14955,204708,Justin ,Stewart,We're Sexy and We Throw It,A,228,dcid,resolved,
1039,ADDA,59,14955,200996,William,Vance,We're Sexy and We Throw It,A,228,dcid,resolved,
1216,ADDA,59,14955,200994,Dustin,Weaver,We're Sexy and We Throw It,A,228,dcid,resolved,
3228,ADDA,59,14955,416587,zz Alternate,zz,We're Sexy and We Throw It,A,228,dcid,placeholder,"shared DC alternate account, not a person"
1416,ADDA,59,14955,415456,Matt,Bailey,Darty Birds,B,275,dcid,resolved,
1417,ADDA,59,14955,415457,Dave,Benkeser,Darty Birds,B,275,dcid,resolved,
1418,ADDA,59,14955,432460,Cal,Hooten,Darty Birds,B,275,dcid,resolved,
1414,ADDA,59,14955,201008,David,Hooten,Darty Birds,B,275,dcid,resolved,
1415,ADDA,59,14955,415455,Max,Leonard,Darty Birds,B,275,dcid,resolved,
1439,ADDA,59,14955,415458,Andrew,Mistretta,Darty Birds,B,275,dcid,resolved,
3275,ADDA,59,14955,416581,zz Alternate,zz,Darty Birds,B,275,dcid,placeholder,"shared DC alternate account, not a person"
1855,ADDA,59,14955,416123,Duncan,Albert,Dirty Darters,B,289,dcid,resolved,
1842,ADDA,59,14955,416715,Connor,Bernhard,Dirty Darters,B,289,dcid,resolved,
1860,ADDA,59,14955,416714,Ted,Eader,Dirty Darters,B,289,dcid,resolved,
1839,ADDA,59,14955,416124,Patrick,Gallagher,Dirty Darters,B,289,dcid,resolved,
1854,ADDA,59,14955,416122,Eric,Goodrich,Dirty Darters,B,289,dcid,resolved,
1859,ADDA,59,14955,416713,Rodney,Mosteller,Dirty Darters,B,289,dcid,resolved,
1856,ADDA,59,14955,416709,Taylor,Schmidt,Dirty Darters,B,289,dcid,resolved,
1857,ADDA,59,14955,416711,Daniel,Wartner,Dirty Darters,B,289,dcid,resolved,
2027,ADDA,59,14955,438734,Bryan,Williamson,Dirty Darters,B,289,dcid,resolved,
3289,ADDA,59,14955,416575,zz Alternate,zz,Dirty Darters,B,289,dcid,placeholder,"shared DC alternate account, not a person"
1011,ADDA,59,14955,415432,Charlie,Cates,"Poker, We Don't Know Her",B,48,dcid,resolved,
1170,ADDA,59,14955,415434,Sean,Chance,"Poker, We Don't Know Her",B,48,dcid,resolved,
382,ADDA,59,14955,415431,Emory,Cullen,"Poker, We Don't Know Her",B,48,dcid,resolved,
1214,ADDA,59,14955,415436,Todd,Gandee,"Poker, We Don't Know Her",B,48,dcid,resolved,
519,ADDA,59,14955,415433,Chris,Jones,"Poker, We Don't Know Her",B,48,dcid,resolved,
1033,ADDA,59,14955,415435,Doug,Sprinkle,"Poker, We Don't Know Her",B,48,dcid,resolved,
3048,ADDA,59,14955,416577,zz Alternate,zz,"Poker, We Don't Know Her",B,48,dcid,placeholder,"shared DC alternate account, not a person"
1385,ADDA,59,14955,201010,Nick,DeMarco,Projectile Dysfunction,B,177,dcid,resolved,
1773,ADDA,59,14955,416109,Brendan,Elizondo,Projectile Dysfunction,B,177,dcid,resolved,
1386,ADDA,59,14955,416107,Ryan,Murphy,Projectile Dysfunction,B,177,dcid,resolved,
1804,ADDA,59,14955,416108,Jaron,Neal,Projectile Dysfunction,B,177,dcid,resolved,
1431,ADDA,59,14955,416110,Antonio,Pfleegor,Projectile Dysfunction,B,177,dcid,resolved,
1388,ADDA,59,14955,416111,Bruce,Thomas,Projectile Dysfunction,B,177,dcid,resolved,
3177,ADDA,59,14955,416573,zz Alternate,zz,Projectile Dysfunction,B,177,dcid,placeholder,"shared DC alternate account, not a person"
1769,ADDA,59,14955,415450,Conner,Allred,The Drunken Phoenix,B,240,dcid,resolved,
1128,ADDA,59,14955,201003,Frank,Cassino,The Drunken Phoenix,B,240,dcid,resolved,
1130,ADDA,59,14955,415448,Bryan,Hieserman,The Drunken Phoenix,B,240,dcid,resolved,
1129,ADDA,59,14955,436135,Don,Hodack,The Drunken Phoenix,B,240,dcid,resolved,
1133,ADDA,59,14955,415452,Stephen,Pritchett,The Drunken Phoenix,B,240,dcid,resolved,
1131,ADDA,59,14955,415451,Scott,Robinson,The Drunken Phoenix,B,240,dcid,resolved,
1135,ADDA,59,14955,415453,Darrin,Tigue,The Drunken Phoenix,B,240,dcid,resolved,
3240,ADDA,59,14955,416584,zz Alternate,zz,The Drunken Phoenix,B,240,dcid,placeholder,"shared DC alternate account, not a person"
428,ADDA,59,14955,415473,Sabah,Ahmad,Yacht Dawgs,B,2,dcid,resolved,
680,ADDA,59,14955,204717,Jeff,Bekiares,Yacht Dawgs,B,2,dcid,resolved,
258,ADDA,59,14955,415474,Rich,Dufford,Yacht Dawgs,B,2,dcid,resolved,
169,ADDA,59,14955,415470,Krisna,Gendo,Yacht Dawgs,B,2,dcid,resolved,
425,ADDA,59,14955,415471,Donald,Kjorlien,Yacht Dawgs,B,2,dcid,resolved,
2015,ADDA,59,14955,446825,Joe ,Ryan,Yacht Dawgs,B,2,dcid,resolved,
33,ADDA,59,14955,200987,Frank,Schultz,Yacht Dawgs,B,2,dcid,resolved,
3002,ADDA,59,14955,417985,zz Alternate,zz,Yacht Dawgs,B,2,dcid,placeholder,"shared DC alternate account, not a person"
1329,ADDA,59,14955,448116,Nickie  ,Adams,Dissa Pointers,C,302,dcid,resolved,
2003,ADDA,59,14955,448119,Sam,Barksdale,Dissa Pointers,C,302,dcid,resolved,
2010,ADDA,59,14955,448118,Steven,Feki,Dissa Pointers,C,302,dcid,resolved,
1244,ADDA,59,14955,448117,James,Hutchins,Dissa Pointers,C,302,dcid,resolved,
1294,ADDA,59,14955,448404,Nick,Lemmond,Dissa Pointers,C,302,dcid,resolved,
1866,ADDA,59,14955,416116,Lauren,Alvarez,Gatitos de la Muerte,C,190,dcid,resolved,
1081,ADDA,59,14955,416114,Jumpy,Burns,Gatitos de la Muerte,C,190,dcid,resolved,
1143,ADDA,59,14955,416117,Matt,Cartin,Gatitos de la Muerte,C,190,dcid,resolved,
274,ADDA,59,14955,416118,Chris,Cline,Gatitos de la Muerte,C,190,dcid,resolved,
1751,ADDA,59,14955,416113,Erica,Fortune,Gatitos de la Muerte,C,190,dcid,resolved,
1109,ADDA,59,14955,431514,Amber,Gallagher,Gatitos de la Muerte,C,190,dcid,resolved,
1111,ADDA,59,14955,416112,Paul,Granade,Gatitos de la Muerte,C,190,dcid,resolved,
1108,ADDA,59,14955,201004,Bretton,McIlrath,Gatitos de la Muerte,C,190,dcid,resolved,
1260,ADDA,59,14955,201009,Brian,Newsome,Gatitos de la Muerte,C,190,dcid,resolved,
1228,ADDA,59,14955,416115,James,Steadham,Gatitos de la Muerte,C,190,dcid,resolved,
3190,ADDA,59,14955,416493,zz Alternate,zz,Gatitos de la Muerte,C,190,dcid,placeholder,"shared DC alternate account, not a person"
1785,ADDA,59,14955,415437,Paul,Amedeo,Inner Voice,C,283,dcid,resolved,
1449,ADDA,59,14955,204712,Alex,Carter,Inner Voice,C,283,dcid,resolved,
1788,ADDA,59,14955,415440,Josh,Johnson,Inner Voice,C,283,dcid,resolved,
1790,ADDA,59,14955,415438,Joed,Kendrick,Inner Voice,C,283,dcid,resolved,
1835,ADDA,59,14955,416687,Jeff,Linn,Inner Voice,C,283,dcid,resolved,
1816,ADDA,59,14955,421099,Matt,Roszak,Inner Voice,C,283,dcid,resolved,
1789,ADDA,59,14955,416688,Patrick,Woods,Inner Voice,C,283,dcid,resolved,
1786,ADDA,59,14955,415439,Tristan,Ziegler,Inner Voice,C,283,dcid,resolved,
3283,ADDA,59,14955,416580,zz Alternate,zz,Inner Voice,C,283,dcid,placeholder,"shared DC alternate account, not a person"
1781,ADDA,59,14955,415446,Eliot,Beckham,MBT20,C,282,dcid,resolved,
2006,ADDA,59,14955,450066,Grant,Brantley,MBT20,C,282,dcid,resolved,
1089,ADDA,59,14955,421075,Xander,Johnson,MBT20,C,282,dcid,resolved,
1002,ADDA,59,14955,415443,Heather,Koth,MBT20,C,282,dcid,resolved,
1460,ADDA,59,14955,415442,Josh,McLaurin,MBT20,C,282,dcid,resolved,
1322,ADDA,59,14955,415441,Robert,Sills,MBT20,C,282,dcid,resolved,
1007,ADDA,59,14955,415444,Laura,Steul,MBT20,C,282,dcid,resolved,
1826,ADDA,59,14955,415445,Michael,Walsh,MBT20,C,282,dcid,resolved,
3282,ADDA,59,14955,416576,zz Alternate,zz,MBT20,C,282,dcid,placeholder,"shared DC alternate account, not a person"
334,ADDA,59,14955,415425,Matt,Hall,Off in the Woods,C,47,dcid,resolved,
332,ADDA,59,14955,415422,Miro,Malesevic,Off in the Woods,C,47,dcid,resolved,
339,ADDA,59,14955,415420,Scott,Mitchell,Off in the Woods,C,47,dcid,resolved,
296,ADDA,59,14955,415421,Brian,Reber,Off in the Woods,C,47,dcid,resolved,
1805,ADDA,59,14955,415426,Merrick,Royball,Off in the Woods,C,47,dcid,resolved,
333,ADDA,59,14955,415423,Kristin,Thorsen,Off in the Woods,C,47,dcid,resolved,
590,ADDA,59,14955,415424,Matt,Weaver,Off in the Woods,C,47,dcid,resolved,
3047,ADDA,59,14955,416494,zz Alternate,zz,Off in the Woods,C,47,dcid,placeholder,"shared DC alternate account, not a person"
1867,ADDA,59,14955,418154,Spencer,Bauer,USS Big Hard,C,266,dcid,resolved,
1397,ADDA,59,14955,416076,Doug,Holloway,USS Big Hard,C,266,dcid,resolved,
1770,ADDA,59,14955,416081,Josh,Hunsberger,USS Big Hard,C,266,dcid,resolved,
1396,ADDA,59,14955,416079,Hayley,McNutt,USS Big Hard,C,266,dcid,resolved,
1754,ADDA,59,14955,416078,Katt,Miteff,USS Big Hard,C,266,dcid,resolved,
1868,ADDA,59,14955,418155,Cameron,Pennington,USS Big Hard,C,266,dcid,resolved,
1863,ADDA,59,14955,416080,Ben,Rolader,USS Big Hard,C,266,dcid,resolved,
1445,ADDA,59,14955,416077,Greg,Shaw,USS Big Hard,C,266,dcid,resolved,
2017,ADDA,59,14955,451498,Spencer ,Strobel,USS Big Hard,C,266,dcid,resolved,
3266,ADDA,59,14955,416572,zz Alternate,zz,USS Big Hard,C,266,dcid,placeholder,"shared DC alternate account, not a person"
2002,ADDA,59,14955,448399,Nick ,Angeramo,Armed and Hammered,D,301,dcid,resolved,
2007,ADDA,59,14955,448402,Stephanie,Buehler,Armed and Hammered,D,301,dcid,resolved,
2008,ADDA,59,14955,448403,Lindsey,Cyr,Armed and Hammered,D,301,dcid,resolved,
1845,ADDA,59,14955,448398,Sarah,Gilbert,Armed and Hammered,D,301,dcid,resolved,
669,ADDA,59,14955,448093,Chad,Haase,Armed and Hammered,D,301,dcid,resolved,
917,ADDA,59,14955,448391,Wendy ,Lambert,Armed and Hammered,D,301,dcid,resolved,
2016,ADDA,59,14955,448400,Jake,Shiptenko,Armed and Hammered,D,301,dcid,resolved,
1185,ADDA,59,14955,448388,Justin,Walker,Armed and Hammered,D,301,dcid,resolved,
1071,ADDA,59,14955,448397,Clinton,Watkins,Armed and Hammered,D,301,dcid,resolved,
3301,ADDA,59,14955,454668,zz Alternate,zz,Armed and Hammered,D,301,dcid,placeholder,"shared DC alternate account, not a person"
1175,ADDA,59,14955,201006,Brent,Harris,Castleberry Hill Dart Club,D,246,dcid,resolved,
433,ADDA,59,14955,415428,Sara,Haskew,Castleberry Hill Dart Club,D,246,dcid,resolved,
1448,ADDA,59,14955,415427,Amelia,Hill,Castleberry Hill Dart Club,D,246,dcid,resolved,
1363,ADDA,59,14955,416489,Jeff,Jurgena,Castleberry Hill Dart Club,D,246,dcid,resolved,
2013,ADDA,59,14955,447825,Aneal,Khimani,Castleberry Hill Dart Club,D,246,dcid,resolved,
1467,ADDA,59,14955,415429,Dan,Niewoehner,Castleberry Hill Dart Club,D,246,dcid,resolved,
3246,ADDA,59,14955,416492,zz Alternate,zz,Castleberry Hill Dart Club,D,246,dcid,placeholder,"shared DC alternate account, not a person"
1771,ADDA,59,14955,415467,Paul,Cloutier,Dart Attacks,D,209,dcid,resolved,
1456,ADDA,59,14955,415465,Ryan,Evans,Dart Attacks,D,209,dcid,resolved,
1780,ADDA,59,14955,415468,Thomas,Forbes,Dart Attacks,D,209,dcid,resolved,
943,ADDA,59,14955,201012,Bill,Griffin,Dart Attacks,D,209,dcid,resolved,
1455,ADDA,59,14955,415466,Leanna,London,Dart Attacks,D,209,dcid,resolved,
1838,ADDA,59,14955,415469,Reaghan,Smith,Dart Attacks,D,209,dcid,resolved,
3209,ADDA,59,14955,416571,zz Alternate,zz,Dart Attacks,D,209,dcid,placeholder,"shared DC alternate account, not a person"
1437,ADDA,59,14955,415982,Myles,Andre,Dart Bags,D,277,dcid,resolved,
1435,ADDA,59,14955,415985,Derrick,Blackman,Dart Bags,D,277,dcid,resolved,
1797,ADDA,59,14955,415984,Artie,Nicholaus,Dart Bags,D,277,dcid,resolved,
1755,ADDA,59,14955,415986,Dave,Reis,Dart Bags,D,277,dcid,resolved,
1164,ADDA,59,14955,201011,Ryan,Reynolds,Dart Bags,D,277,dcid,resolved,
1436,ADDA,59,14955,415983,Ryan,Schumacher,Dart Bags,D,277,dcid,resolved,
3277,ADDA,59,14955,416579,zz Alternate,zz,Dart Bags,D,277,dcid,placeholder,"shared DC alternate account, not a person"
524,ADDA,59,14955,428322,John ,Collins,Flight Club,D,81,dcid,resolved,
619,ADDA,59,14955,428319,Mike,Fitzgibbon,Flight Club,D,81,dcid,resolved,
1759,ADDA,59,14955,428323,Brian,Fletcher,Flight Club,D,81,dcid,resolved,
1148,ADDA,59,14955,428321,John,Marty,Flight Club,D,81,dcid,resolved,
523,ADDA,59,14955,415454,David,Massey,Flight Club,D,81,dcid,resolved,
521,ADDA,59,14955,428318,Johnny,McConnell,Flight Club,D,81,dcid,resolved,
748,ADDA,59,14955,201002,Andy,Minkewicz,Flight Club,D,81,dcid,resolved,
526,ADDA,59,14955,428320,Trey,Smith,Flight Club,D,81,dcid,resolved,
525,ADDA,59,14955,428317,Tom,Williams,Flight Club,D,81,dcid,resolved,
3081,ADDA,59,14955,465238,zz Alternate,zz,Flight Club,D,81,dcid,placeholder,"shared DC alternate account, not a person"
2028,ADDA,59,14955,416485,Johnny,Burns,Needledicks,D,245,dcid,resolved,
1481,ADDA,59,14955,416132,Chase,Cochran,Needledicks,D,245,dcid,resolved,
1045,ADDA,59,14955,200997,Sam,Farmer,Needledicks,D,245,dcid,resolved,
1042,ADDA,59,14955,416135,Jimmy,Horton,Needledicks,D,245,dcid,resolved,
1226,ADDA,59,14955,416121,Tom,Kerekes,Needledicks,D,245,dcid,resolved,
2029,ADDA,59,14955,452877,Prem,Pillai,Needledicks,D,245,dcid,resolved,
1162,ADDA,59,14955,416131,Jake,Star,Needledicks,D,245,dcid,resolved,
1478,ADDA,59,14955,416134,Craig,Tanguay,Needledicks,D,245,dcid,resolved,
1044,ADDA,59,14955,416133,Drew,Wood,Needledicks,D,245,dcid,resolved,
3245,ADDA,59,14955,416578,zz Alternate,zz,Needledicks,D,245,dcid,placeholder,"shared DC alternate account, not a person"
1830,ADDA,59,14955,415483,Jason,Boley,UFO's,D,196,dcid,resolved,
1831,ADDA,59,14955,415482,Ben,Clayton,UFO's,D,196,dcid,resolved,
1832,ADDA,59,14955,415481,Lindsey,Dowell,UFO's,D,196,dcid,resolved,
876,ADDA,59,14955,415430,Michael,Dryden,UFO's,D,196,dcid,resolved,
1251,ADDA,59,14955,415484,Jeff,Gordon,UFO's,D,196,dcid,resolved,
1475,ADDA,59,14955,415476,Mike,Gover,UFO's,D,196,dcid,resolved,
1403,ADDA,59,14955,415480,Scott,Jones,UFO's,D,196,dcid,resolved,
910,ADDA,59,14955,415479,Kevin,Leipow,UFO's,D,196,dcid,resolved,
861,ADDA,59,14955,415478,Doug,Lueder,UFO's,D,196,dcid,resolved,
860,ADDA,59,14955,415477,Moran,Vered,UFO's,D,196,dcid,resolved,
3196,ADDA,59,14955,416574,zz Alternate,zz,UFO's,D,196,dcid,placeholder,"shared DC alternate account, not a person"
2034,ADDA,60,16532,472303,Austin,Campagnolo,Darty Rotten Scoundrels,A,99,dcid,resolved,
1152,ADDA,60,16532,416130,Jeff,Davis,Darty Rotten Scoundrels,A,99,dcid,resolved,
696,ADDA,60,16532,416129,Jamila,Hankins,Darty Rotten Scoundrels,A,99,dcid,resolved,
799,ADDA,60,16532,421935,Binz ,Hansen,Darty Rotten Scoundrels,A,99,dcid,resolved,
2012,ADDA,60,16532,450188,Ryan ,Hansen,Darty Rotten Scoundrels,A,99,dcid,resolved,
1345,ADDA,60,16532,416128,Tyler,Mabry,Darty Rotten Scoundrels,A,99,dcid,resolved,
1266,ADDA,60,16532,201001,Patrick,McCoy,Darty Rotten Scoundrels,A,99,dcid,resolved,
3099,ADDA,60,16532,416586,zz Alternate,zz,Darty Rotten Scoundrels,A,99,dcid,placeholder,"shared DC alternate account, not a person"
14,ADDA,60,16532,421832,Steve,Blackburn,Menace II Sobriety,A,243,dcid,resolved,
2,ADDA,60,16532,204711,Neil,Bronstein,Menace II Sobriety,A,243,dcid,resolved,
8,ADDA,60,16532,200990,Gus,Glaw,Menace II Sobriety,A,243,dcid,resolved,
173,ADDA,60,16532,204709,Tom,Hidock,Menace II Sobriety,A,243,dcid,resolved,
499,ADDA,60,16532,205023,Brian,Lane,Menace II Sobriety,A,243,dcid,resolved,
300,ADDA,60,16532,205344,Jeff,Lell,Menace II Sobriety,A,243,dcid,resolved,
4,ADDA,60,16532,200991,Wade,Moricle,Menace II Sobriety,A,243,dcid,resolved,
6,ADDA,60,16532,204710,Rob,Sten,Menace II Sobriety,A,243,dcid,resolved,
3243,ADDA,60,16532,416590,zz Alternate,zz,Menace II Sobriety,A,243,dcid,placeholder,"shared DC alternate account, not a person"
429,ADDA,60,16532,415417,Mike,Gentry,No Mas,A,276,dcid,resolved,
1410,ADDA,60,16532,416071,Rede,Hankinson,No Mas,A,276,dcid,resolved,
1409,ADDA,60,16532,201007,PJ,Hon,No Mas,A,276,dcid,resolved,
1446,ADDA,60,16532,416072,Dave,Jordan,No Mas,A,276,dcid,resolved,
1477,ADDA,60,16532,416074,Rob,Koppenhaver,No Mas,A,276,dcid,resolved,
127,ADDA,60,16532,468577,John,Steinhofer,No Mas,A,276,dcid,resolved,
1393,ADDA,60,16532,416073,Matthew,Suhr,No Mas,A,276,dcid,resolved,
1800,ADDA,60,16532,416075,Sloan,Ware,No Mas,A,276,dcid,resolved,
3276,ADDA,60,16532,416582,zz Alternate,zz,No Mas,A,276,dcid,placeholder,"shared DC alternate account, not a person"
720,ADDA,60,16532,200998,Buck,Buckley,Paul Dart Mall Cop,A,241,dcid,resolved,dcid match; name not on canonical team roster for season
1138,ADDA,60,16532,415463,Robert,Graham,Paul Dart Mall Cop,A,241,dcid,resolved,
1137,ADDA,60,16532,415459,Ben,McGlamery,Paul Dart Mall Cop,A,241,dcid,resolved,
1235,ADDA,60,16532,415461,Matt,McGlamery,Paul Dart Mall Cop,A,241,dcid,resolved,
1454,ADDA,60,16532,415462,Andrew,McIntosh,Paul Dart Mall Cop,A,241,dcid,resolved,
458,ADDA,60,16532,416720,Paul,Rodecker,Paul Dart Mall Cop,A,241,dcid,resolved,
1479,ADDA,60,16532,415460,Caleb,Weir,Paul Dart Mall Cop,A,241,dcid,resolved,
1463,ADDA,60,16532,415464,Gavin,Williams,Paul Dart Mall Cop,A,241,dcid,resolved,
3241,ADDA,60,16532,416585,zz Alternate,zz,Paul Dart Mall Cop,A,241,dcid,placeholder,"shared DC alternate account, not a person"
829,ADDA,60,16532,204715,Phillip,Appiah,Treble Makers,A,87,dcid,resolved,
1468,ADDA,60,16532,415415,Jim,Davis,Treble Makers,A,87,dcid,resolved,
2011,ADDA,60,16532,449086,Patrick,Goome,Treble Makers,A,87,dcid,resolved,dcid match; name not on canonical team roster for season
1371,ADDA,60,16532,415416,Jimy,Hoadley,Treble Makers,A,87,dcid,resolved,
1022,ADDA,60,16532,204714,Jamie ,Lane,Treble Makers,A,87,dcid,resolved,
3087,ADDA,60,16532,416588,zz Alternate,zz,Treble Makers,A,87,dcid,placeholder,"shared DC alternate account, not a person"
428,ADDA,60,16532,415473,Sabah,Ahmad,Yacht Dawgs,A,2,dcid,resolved,
680,ADDA,60,16532,204717,Jeff,Bekiares,Yacht Dawgs,A,2,dcid,resolved,
258,ADDA,60,16532,415474,Rich,Dufford,Yacht Dawgs,A,2,dcid,resolved,
169,ADDA,60,16532,415470,Krisna,Gendo,Yacht Dawgs,A,2,dcid,resolved,
425,ADDA,60,16532,415471,Donald,Kjorlien,Yacht Dawgs,A,2,dcid,resolved,
2015,ADDA,60,16532,446825,Joe ,Ryan,Yacht Dawgs,A,2,dcid,resolved,
33,ADDA,60,16532,200987,Frank,Schultz,Yacht Dawgs,A,2,dcid,resolved,
3002,ADDA,60,16532,417985,zz Alternate,zz,Yacht Dawgs,A,2,dcid,placeholder,"shared DC alternate account, not a person"
1416,ADDA,60,16532,415456,Matt,Bailey,Darty Birds,B,275,dcid,resolved,
1417,ADDA,60,16532,415457,Dave,Benkeser,Darty Birds,B,275,dcid,resolved,
1414,ADDA,60,16532,201008,David,Hooten,Darty Birds,B,275,dcid,resolved,
1415,ADDA,60,16532,415455,Max,Leonard,Darty Birds,B,275,dcid,resolved,
1439,ADDA,60,16532,415458,Andrew,Mistretta,Darty Birds,B,275,dcid,resolved,
3275,ADDA,60,16532,416581,zz Alternate,zz,Darty Birds,B,275,dcid,placeholder,"shared DC alternate account, not a person"
1855,ADDA,60,16532,416123,Duncan,Albert,Dirty Darters,B,289,dcid,resolved,
1842,ADDA,60,16532,416715,Connor,Bernhard,Dirty Darters,B,289,dcid,resolved,
1860,ADDA,60,16532,416714,Ted,Eader,Dirty Darters,B,289,dcid,resolved,
1839,ADDA,60,16532,416124,Patrick,Gallagher,Dirty Darters,B,289,dcid,resolved,
1854,ADDA,60,16532,416122,Eric,Goodrich,Dirty Darters,B,289,dcid,resolved,
1859,ADDA,60,16532,416713,Rodney,Mosteller,Dirty Darters,B,289,dcid,resolved,
1856,ADDA,60,16532,416709,Taylor,Schmidt,Dirty Darters,B,289,dcid,resolved,
1857,ADDA,60,16532,416711,Daniel,Wartner,Dirty Darters,B,289,dcid,resolved,
2027,ADDA,60,16532,438734,Bryan,Williamson,Dirty Darters,B,289,dcid,resolved,
3289,ADDA,60,16532,416575,zz Alternate,zz,Dirty Darters,B,289,dcid,placeholder,"shared DC alternate account, not a person"
1329,ADDA,60,16532,448116,Nickie  ,Adams,Dissa Pointers,B,302,dcid,resolved,
2003,ADDA,60,16532,448119,Sam,Barksdale,Dissa Pointers,B,302,dcid,resolved,
2010,ADDA,60,16532,448118,Steven,Feki,Dissa Pointers,B,302,dcid,resolved,
1244,ADDA,60,16532,448117,James,Hutchins,Dissa Pointers,B,302,dcid,resolved,
1294,ADDA,60,16532,448404,Nick,Lemmond,Dissa Pointers,B,302,dcid,resolved,
3302,ADDA,60,16532,473887,zz Alternate,zz,Dissa Pointers,B,302,dcid,placeholder,"shared DC alternate account, not a person"
1385,ADDA,60,16532,201010,Nick,DeMarco,Projectile Dysfunction,B,177,dcid,resolved,
1773,ADDA,60,16532,416109,Brendan,Elizondo,Projectile Dysfunction,B,177,dcid,resolved,
1386,ADDA,60,16532,416107,Ryan,Murphy,Projectile Dysfunction,B,177,dcid,resolved,
1804,ADDA,60,16532,416108,Jaron,Neal,Projectile Dysfunction,B,177,dcid,resolved,
1431,ADDA,60,16532,416110,Antonio,Pfleegor,Projectile Dysfunction,B,177,dcid,resolved,
1388,ADDA,60,16532,416111,Bruce,Thomas,Projectile Dysfunction,B,177,dcid,resolved,
3177,ADDA,60,16532,416573,zz Alternate,zz,Projectile Dysfunction,B,177,dcid,placeholder,"shared DC alternate account, not a person"
1769,ADDA,60,16532,415450,Conner,Allred,The Drunken Phoenix,B,240,dcid,resolved,
1128,ADDA,60,16532,201003,Frank,Cassino,The Drunken Phoenix,B,240,dcid,resolved,
1130,ADDA,60,16532,415448,Bryan,Hieserman,The Drunken Phoenix,B,240,dcid,resolved,
1129,ADDA,60,16532,436135,Don,Hodack,The Drunken Phoenix,B,240,dcid,resolved,
1133,ADDA,60,16532,415452,Stephen,Pritchett,The Drunken Phoenix,B,240,dcid,resolved,
1131,ADDA,60,16532,415451,Scott,Robinson,The Drunken Phoenix,B,240,dcid,resolved,
1135,ADDA,60,16532,415453,Darrin,Tigue,The Drunken Phoenix,B,240,dcid,resolved,
3240,ADDA,60,16532,416584,zz Alternate,zz,The Drunken Phoenix,B,240,dcid,placeholder,"shared DC alternate account, not a person"
1053,ADDA,60,16532,200993,Shayne,Adams,We're Sexy and We Throw It,B,228,dcid,resolved,
1097,ADDA,60,16532,200986,Jacob,Gauthier,We're Sexy and We Throw It,B,228,dcid,resolved,
1036,ADDA,60,16532,200995,Andy,McClatchey,We're Sexy and We Throw It,B,228,dcid,resolved,
2030,ADDA,60,16532,468551,Nick,Turner,We're Sexy and We Throw It,B,228,dcid,resolved,
1039,ADDA,60,16532,200996,William,Vance,We're Sexy and We Throw It,B,228,dcid,resolved,
1216,ADDA,60,16532,200994,Dustin,Weaver,We're Sexy and We Throw It,B,228,dcid,resolved,
3228,ADDA,60,16532,416587,zz Alternate,zz,We're Sexy and We Throw It,B,228,dcid,placeholder,"shared DC alternate account, not a person"
1175,ADDA,60,16532,201006,Brent,Harris,Castleberry Hill Dart Club,C,246,dcid,resolved,
433,ADDA,60,16532,415428,Sara,Haskew,Castleberry Hill Dart Club,C,246,dcid,resolved,
1448,ADDA,60,16532,415427,Amelia,Hill,Castleberry Hill Dart Club,C,246,dcid,resolved,
1363,ADDA,60,16532,416489,Jeff,Jurgena,Castleberry Hill Dart Club,C,246,dcid,resolved,
2013,ADDA,60,16532,447825,Aneal,Khimani,Castleberry Hill Dart Club,C,246,dcid,resolved,
1467,ADDA,60,16532,415429,Dan,Niewoehner,Castleberry Hill Dart Club,C,246,dcid,resolved,
3246,ADDA,60,16532,416492,zz Alternate,zz,Castleberry Hill Dart Club,C,246,dcid,placeholder,"shared DC alternate account, not a person"
1866,ADDA,60,16532,416116,Lauren,Alvarez,Gatitos de la Muerte,C,190,dcid,resolved,
1081,ADDA,60,16532,416114,Jumpy,Burns,Gatitos de la Muerte,C,190,dcid,resolved,
1143,ADDA,60,16532,416117,Matt,Cartin,Gatitos de la Muerte,C,190,dcid,resolved,
274,ADDA,60,16532,416118,Chris,Cline,Gatitos de la Muerte,C,190,dcid,resolved,
1751,ADDA,60,16532,416113,Erica,Fortune,Gatitos de la Muerte,C,190,dcid,resolved,
1109,ADDA,60,16532,431514,Amber,Gallagher,Gatitos de la Muerte,C,190,dcid,resolved,
1111,ADDA,60,16532,416112,Paul,Granade,Gatitos de la Muerte,C,190,dcid,resolved,
1108,ADDA,60,16532,201004,Bretton,McIlrath,Gatitos de la Muerte,C,190,dcid,resolved,
1260,ADDA,60,16532,201009,Brian,Newsome,Gatitos de la Muerte,C,190,dcid,resolved,
1228,ADDA,60,16532,416115,James,Steadham,Gatitos de la Muerte,C,190,dcid,resolved,
3190,ADDA,60,16532,416493,zz Alternate,zz,Gatitos de la Muerte,C,190,dcid,placeholder,"shared DC alternate account, not a person"
2032,ADDA,60,16532,470033,Adrian,Adams,Inner Voice,C,283,dcid,resolved,
1785,ADDA,60,16532,415437,Paul,Amedeo,Inner Voice,C,283,dcid,resolved,
1449,ADDA,60,16532,204712,Alex,Carter,Inner Voice,C,283,dcid,resolved,
1788,ADDA,60,16532,415440,Josh,Johnson,Inner Voice,C,283,dcid,resolved,
1790,ADDA,60,16532,415438,Joed,Kendrick,Inner Voice,C,283,dcid,resolved,
1835,ADDA,60,16532,416687,Jeff,Linn,Inner Voice,C,283,dcid,resolved,
1816,ADDA,60,16532,421099,Matt,Roszak,Inner Voice,C,283,dcid,resolved,
1789,ADDA,60,16532,416688,Patrick,Woods,Inner Voice,C,283,dcid,resolved,
1786,ADDA,60,16532,415439,Tristan,Ziegler,Inner Voice,C,283,dcid,resolved,
3283,ADDA,60,16532,416580,zz Alternate,zz,Inner Voice,C,283,dcid,placeholder,"shared DC alternate account, not a person"
334,ADDA,60,16532,415425,Matt,Hall,Off in the Woods,C,47,dcid,resolved,
332,ADDA,60,16532,415422,Miro,Malesevic,Off in the Woods,C,47,dcid,resolved,
339,ADDA,60,16532,415420,Scott,Mitchell,Off in the Woods,C,47,dcid,resolved,
296,ADDA,60,16532,415421,Brian,Reber,Off in the Woods,C,47,dcid,resolved,
1805,ADDA,60,16532,415426,Merrick,Royball,Off in the Woods,C,47,dcid,resolved,
333,ADDA,60,16532,415423,Kristin,Thorsen,Off in the Woods,C,47,dcid,resolved,
590,ADDA,60,16532,415424,Matt,Weaver,Off in the Woods,C,47,dcid,resolved,
3047,ADDA,60,16532,416494,zz Alternate,zz,Off in the Woods,C,47,dcid,placeholder,"shared DC alternate account, not a person"
1011,ADDA,60,16532,415432,Charlie,Cates,"Poker, We Don't Know Her",C,48,dcid,resolved,
1170,ADDA,60,16532,415434,Sean,Chance,"Poker, We Don't Know Her",C,48,dcid,resolved,
382,ADDA,60,16532,415431,Emory,Cullen,"Poker, We Don't Know Her",C,48,dcid,resolved,
1214,ADDA,60,16532,415436,Todd,Gandee,"Poker, We Don't Know Her",C,48,dcid,resolved,
519,ADDA,60,16532,415433,Chris,Jones,"Poker, We Don't Know Her",C,48,dcid,resolved,
1033,ADDA,60,16532,415435,Doug,Sprinkle,"Poker, We Don't Know Her",C,48,dcid,resolved,
3048,ADDA,60,16532,416577,zz Alternate,zz,"Poker, We Don't Know Her",C,48,dcid,placeholder,"shared DC alternate account, not a person"
1867,ADDA,60,16532,418154,Spencer,Bauer,USS Big Hard,C,266,dcid,resolved,
1397,ADDA,60,16532,416076,Doug,Holloway,USS Big Hard,C,266,dcid,resolved,
1770,ADDA,60,16532,416081,Josh,Hunsberger,USS Big Hard,C,266,dcid,resolved,
1396,ADDA,60,16532,416079,Hayley,McNutt,USS Big Hard,C,266,dcid,resolved,
1754,ADDA,60,16532,416078,Katt,Miteff,USS Big Hard,C,266,dcid,resolved,
1868,ADDA,60,16532,418155,Cameron,Pennington,USS Big Hard,C,266,dcid,resolved,
1863,ADDA,60,16532,416080,Ben,Rolader,USS Big Hard,C,266,dcid,resolved,
1445,ADDA,60,16532,416077,Greg,Shaw,USS Big Hard,C,266,dcid,resolved,
2017,ADDA,60,16532,451498,Spencer ,Strobel,USS Big Hard,C,266,dcid,resolved,
3266,ADDA,60,16532,416572,zz Alternate,zz,USS Big Hard,C,266,dcid,placeholder,"shared DC alternate account, not a person"
2002,ADDA,60,16532,448399,Nick ,Angeramo,Armed and Hammered,D,301,dcid,resolved,
2007,ADDA,60,16532,448402,Stephanie,Buehler,Armed and Hammered,D,301,dcid,resolved,
2008,ADDA,60,16532,448403,Lindsey,Cyr,Armed and Hammered,D,301,dcid,resolved,
669,ADDA,60,16532,448093,Chad,Haase,Armed and Hammered,D,301,dcid,resolved,
917,ADDA,60,16532,448391,Wendy,Lambert,Armed and Hammered,D,301,dcid,resolved,
2016,ADDA,60,16532,448400,Jake,Shiptenko,Armed and Hammered,D,301,dcid,resolved,
1071,ADDA,60,16532,448397,Clinton,Watkins,Armed and Hammered,D,301,dcid,resolved,
3301,ADDA,60,16532,454668,zz Alternate,zz,Armed and Hammered,D,301,dcid,placeholder,"shared DC alternate account, not a person"
1771,ADDA,60,16532,415467,Paul,Cloutier,Dart Attacks,D,209,dcid,resolved,
1456,ADDA,60,16532,415465,Ryan,Evans,Dart Attacks,D,209,dcid,resolved,
1780,ADDA,60,16532,415468,Thomas,Forbes,Dart Attacks,D,209,dcid,resolved,
943,ADDA,60,16532,201012,Bill,Griffin,Dart Attacks,D,209,dcid,resolved,
1455,ADDA,60,16532,415466,Leanna,London,Dart Attacks,D,209,dcid,resolved,
1838,ADDA,60,16532,415469,Reaghan,Smith,Dart Attacks,D,209,dcid,resolved,
3209,ADDA,60,16532,416571,zz Alternate,zz,Dart Attacks,D,209,dcid,placeholder,"shared DC alternate account, not a person"
1437,ADDA,60,16532,415982,Myles,Andre,Dart Bags,D,277,dcid,resolved,
1435,ADDA,60,16532,415985,Derrick,Blackman,Dart Bags,D,277,dcid,resolved,
1797,ADDA,60,16532,415984,Artie,Nicholaus,Dart Bags,D,277,dcid,resolved,
1755,ADDA,60,16532,415986,Dave,Reis,Dart Bags,D,277,dcid,resolved,
1164,ADDA,60,16532,201011,Ryan,Reynolds,Dart Bags,D,277,dcid,resolved,
1436,ADDA,60,16532,415983,Ryan,Schumacher,Dart Bags,D,277,dcid,resolved,
3277,ADDA,60,16532,416579,zz Alternate,zz,Dart Bags,D,277,dcid,placeholder,"shared DC alternate account, not a person"
1781,ADDA,60,16532,415446,Eliot,Beckham,MBT20,D,282,dcid,resolved,
2006,ADDA,60,16532,450066,Grant,Brantley,MBT20,D,282,dcid,resolved,
1089,ADDA,60,16532,421075,Xander,Johnson,MBT20,D,282,dcid,resolved,
1002,ADDA,60,16532,415443,Heather,Koth,MBT20,D,282,dcid,resolved,
1460,ADDA,60,16532,415442,Josh,McLaurin,MBT20,D,282,dcid,resolved,
1322,ADDA,60,16532,415441,Robert,Sills,MBT20,D,282,dcid,resolved,
1007,ADDA,60,16532,415444,Laura,Steul,MBT20,D,282,dcid,resolved,
1826,ADDA,60,16532,415445,Michael,Walsh,MBT20,D,282,dcid,resolved,
3282,ADDA,60,16532,416576,zz Alternate,zz,MBT20,D,282,dcid,placeholder,"shared DC alternate account, not a person"
1045,ADDA,60,16532,200997,Sam,Farmer,Needledicks,D,245,dcid,resolved,
2033,ADDA,60,16532,472495,Ali,Horton,Needledicks,D,245,dcid,resolved,
1042,ADDA,60,16532,416135,Jimmy,Horton,Needledicks,D,245,dcid,resolved,
1226,ADDA,60,16532,416121,Tom,Kerekes,Needledicks,D,245,dcid,resolved,
2029,ADDA,60,16532,452877,Prem,Pillai,Needledicks,D,245,dcid,resolved,
1162,ADDA,60,16532,416131,Jake,Star,Needledicks,D,245,dcid,resolved,
1478,ADDA,60,16532,416134,Craig,Tanguay,Needledicks,D,245,dcid,resolved,
1044,ADDA,60,16532,416133,Drew,Wood,Needledicks,D,245,dcid,resolved,
3245,ADDA,60,16532,416578,zz Alternate,zz,Needledicks,D,245,dcid,placeholder,"shared DC alternate account, not a person"
1830,ADDA,60,16532,415483,Jason,Boley,UFO's,D,196,dcid,resolved,
1831,ADDA,60,16532,415482,Ben,Clayton,UFO's,D,196,dcid,resolved,
1832,ADDA,60,16532,415481,Lindsey,Dowell,UFO's,D,196,dcid,resolved,
876,ADDA,60,16532,415430,Michael,Dryden,UFO's,D,196,dcid,resolved,
1251,ADDA,60,16532,415484,Jeff,Gordon,UFO's,D,196,dcid,resolved,
1475,ADDA,60,16532,415476,Mike,Gover,UFO's,D,196,dcid,resolved,
1403,ADDA,60,16532,415480,Scott,Jones,UFO's,D,196,dcid,resolved,
910,ADDA,60,16532,415479,Kevin,Leipow,UFO's,D,196,dcid,resolved,
861,ADDA,60,16532,415478,Doug,Lueder,UFO's,D,196,dcid,resolved,
860,ADDA,60,16532,415477,Moran,Vered,UFO's,D,196,dcid,resolved,
3196,ADDA,60,16532,416574,zz Alternate,zz,UFO's,D,196,dcid,placeholder,"shared DC alternate account, not a person"
2034,ADDA,61,18259,472303,Austin,Campagnolo,Darty Rotten Scoundrels,A,99,dcid,resolved,
696,ADDA,61,18259,416129,Jamila,Hankins,Darty Rotten Scoundrels,A,99,dcid,resolved,
799,ADDA,61,18259,421935,Binz ,Hansen,Darty Rotten Scoundrels,A,99,dcid,resolved,
2012,ADDA,61,18259,450188,Ryan ,Hansen,Darty Rotten Scoundrels,A,99,dcid,resolved,
1345,ADDA,61,18259,416128,Tyler,Mabry,Darty Rotten Scoundrels,A,99,dcid,resolved,
1266,ADDA,61,18259,201001,Patrick,McCoy,Darty Rotten Scoundrels,A,99,dcid,resolved,
3099,ADDA,61,18259,416586,zz Alternate,zz,Darty Rotten Scoundrels,A,99,dcid,placeholder,"shared DC alternate account, not a person"
2,ADDA,61,18259,204711,Neil,Bronstein,Menace II Sobriety,A,243,dcid,resolved,
8,ADDA,61,18259,200990,Gus,Glaw,Menace II Sobriety,A,243,dcid,resolved,
173,ADDA,61,18259,204709,Tom,Hidock,Menace II Sobriety,A,243,dcid,resolved,
499,ADDA,61,18259,205023,Brian,Lane,Menace II Sobriety,A,243,dcid,resolved,
4,ADDA,61,18259,200991,Wade,Moricle,Menace II Sobriety,A,243,dcid,resolved,
2015,ADDA,61,18259,446825,Joe ,Ryan,Menace II Sobriety,A,243,dcid,resolved,
3243,ADDA,61,18259,416590,zz Alternate,zz,Menace II Sobriety,A,243,dcid,placeholder,"shared DC alternate account, not a person"
429,ADDA,61,18259,415417,Mike,Gentry,No Mas,A,276,dcid,resolved,
2066,ADDA,61,18259,491972,Jake,Godwin,No Mas,A,276,dcid,resolved,
1410,ADDA,61,18259,416071,Rede,Hankinson,No Mas,A,276,dcid,resolved,
1409,ADDA,61,18259,201007,PJ,Hon,No Mas,A,276,dcid,resolved,
1446,ADDA,61,18259,416072,Dave,Jordan,No Mas,A,276,dcid,resolved,
1477,ADDA,61,18259,416074,Rob,Koppenhaver,No Mas,A,276,dcid,resolved,
127,ADDA,61,18259,468577,John,Steinhofer,No Mas,A,276,dcid,resolved,
1393,ADDA,61,18259,416073,Matthew,Suhr,No Mas,A,276,dcid,resolved,
3276,ADDA,61,18259,416582,zz Alternate,zz,No Mas,A,276,dcid,placeholder,"shared DC alternate account, not a person"
720,ADDA,61,18259,200998,Buck,Buckley,Paul Dart Mall Cop,A,241,dcid,resolved,dcid match; name not on canonical team roster for season
1138,ADDA,61,18259,415463,Robert,Graham,Paul Dart Mall Cop,A,241,dcid,resolved,
1137,ADDA,61,18259,415459,Ben,McGlamery,Paul Dart Mall Cop,A,241,dcid,resolved,
1235,ADDA,61,18259,415461,Matt,McGlamery,Paul Dart Mall Cop,A,241,dcid,resolved,
1454,ADDA,61,18259,415462,Andrew,McIntosh,Paul Dart Mall Cop,A,241,dcid,resolved,
1479,ADDA,61,18259,415460,Caleb,Weir,Paul Dart Mall Cop,A,241,dcid,resolved,
1463,ADDA,61,18259,415464,Gavin,Williams,Paul Dart Mall Cop,A,241,dcid,resolved,
3241,ADDA,61,18259,416585,zz Alternate,zz,Paul Dart Mall Cop,A,241,dcid,placeholder,"shared DC alternate account, not a person"
1769,ADDA,61,18259,415450,Conner,Allred,The Drunken Phoenix,A,240,dcid,resolved,
1128,ADDA,61,18259,201003,Frank,Cassino,The Drunken Phoenix,A,240,dcid,resolved,
1130,ADDA,61,18259,415448,Bryan,Hieserman,The Drunken Phoenix,A,240,dcid,resolved,
1129,ADDA,61,18259,436135,Don,Hodack,The Drunken Phoenix,A,240,dcid,resolved,
1133,ADDA,61,18259,415452,Stephen,Pritchett,The Drunken Phoenix,A,240,dcid,resolved,
1131,ADDA,61,18259,415451,Scott,Robinson,The Drunken Phoenix,A,240,dcid,resolved,
1135,ADDA,61,18259,415453,Darrin,Tigue,The Drunken Phoenix,A,240,dcid,resolved,
3240,ADDA,61,18259,416584,zz Alternate,zz,The Drunken Phoenix,A,240,dcid,placeholder,"shared DC alternate account, not a person"
551,ADDA,61,18259,205345,Andrew,Cutcher,Treble Makers,A,87,dcid,resolved,
2050,ADDA,61,18259,484905,Steve,Cutcher,Treble Makers,A,87,dcid,resolved,
1468,ADDA,61,18259,415415,Jim,Davis,Treble Makers,A,87,dcid,resolved,
1022,ADDA,61,18259,204714,Jamie ,Lane,Treble Makers,A,87,dcid,resolved,
300,ADDA,61,18259,205344,Jeff,Lell,Treble Makers,A,87,dcid,resolved,
2051,ADDA,61,18259,484906,Jon,Stites,Treble Makers,A,87,dcid,resolved,
3087,ADDA,61,18259,416588,zz Alternate,zz,Treble Makers,A,87,dcid,placeholder,"shared DC alternate account, not a person"
1416,ADDA,61,18259,415456,Matt,Bailey,Darty Birds,B,275,dcid,resolved,
1417,ADDA,61,18259,415457,Dave,Benkeser,Darty Birds,B,275,dcid,resolved,
1414,ADDA,61,18259,201008,David,Hooten,Darty Birds,B,275,dcid,resolved,
1415,ADDA,61,18259,415455,Max,Leonard,Darty Birds,B,275,dcid,resolved,
1439,ADDA,61,18259,415458,Andrew,Mistretta,Darty Birds,B,275,dcid,resolved,
3275,ADDA,61,18259,416581,zz Alternate,zz,Darty Birds,B,275,dcid,placeholder,"shared DC alternate account, not a person"
1855,ADDA,61,18259,416123,Duncan,Albert,Dirty Darters,B,289,dcid,resolved,
1842,ADDA,61,18259,416715,Connor,Bernhard,Dirty Darters,B,289,dcid,resolved,
2065,ADDA,61,18259,491971,Ryan,Cannin,Dirty Darters,B,289,dcid,resolved,
1860,ADDA,61,18259,416714,Ted,Eader,Dirty Darters,B,289,dcid,resolved,
1839,ADDA,61,18259,416124,Patrick,Gallagher,Dirty Darters,B,289,dcid,resolved,
1854,ADDA,61,18259,416122,Eric,Goodrich,Dirty Darters,B,289,dcid,resolved,
1859,ADDA,61,18259,416713,Rodney,Mosteller,Dirty Darters,B,289,dcid,resolved,
1857,ADDA,61,18259,416711,Daniel,Wartner,Dirty Darters,B,289,dcid,resolved,
3289,ADDA,61,18259,416575,zz Alternate,zz,Dirty Darters,B,289,dcid,placeholder,"shared DC alternate account, not a person"
1011,ADDA,61,18259,415432,Charlie,Cates,Hug a Doug,B,48,dcid,resolved,
1170,ADDA,61,18259,415434,Sean,Chance,Hug a Doug,B,48,dcid,resolved,
382,ADDA,61,18259,415431,Emory,Cullen,Hug a Doug,B,48,dcid,resolved,
1214,ADDA,61,18259,415436,Todd,Gandee,Hug a Doug,B,48,dcid,resolved,
519,ADDA,61,18259,415433,Chris,Jones,Hug a Doug,B,48,dcid,resolved,
1033,ADDA,61,18259,415435,Doug,Sprinkle,Hug a Doug,B,48,dcid,resolved,
3048,ADDA,61,18259,416577,zz Alternate,zz,Hug a Doug,B,48,dcid,placeholder,"shared DC alternate account, not a person"
1385,ADDA,61,18259,201010,Nick,DeMarco,Projectile Dysfunction,B,177,dcid,resolved,
1773,ADDA,61,18259,416109,Brendan,Elizondo,Projectile Dysfunction,B,177,dcid,resolved,
1386,ADDA,61,18259,416107,Ryan,Murphy,Projectile Dysfunction,B,177,dcid,resolved,
1804,ADDA,61,18259,416108,Jaron,Neal,Projectile Dysfunction,B,177,dcid,resolved,
1431,ADDA,61,18259,416110,Antonio,Pfleegor,Projectile Dysfunction,B,177,dcid,resolved,
1388,ADDA,61,18259,416111,Bruce,Thomas,Projectile Dysfunction,B,177,dcid,resolved,
3177,ADDA,61,18259,416573,zz Alternate,zz,Projectile Dysfunction,B,177,dcid,placeholder,"shared DC alternate account, not a person"
1053,ADDA,61,18259,200993,Shayne,Adams,We're Sexy and We Throw It,B,228,dcid,resolved,
1097,ADDA,61,18259,200986,Jacob,Gauthier,We're Sexy and We Throw It,B,228,dcid,resolved,
1036,ADDA,61,18259,200995,Andy,McClatchey,We're Sexy and We Throw It,B,228,dcid,resolved,
1039,ADDA,61,18259,200996,William,Vance,We're Sexy and We Throw It,B,228,dcid,resolved,
1216,ADDA,61,18259,200994,Dustin,Weaver,We're Sexy and We Throw It,B,228,dcid,resolved,
3228,ADDA,61,18259,416587,zz Alternate,zz,We're Sexy and We Throw It,B,228,dcid,placeholder,"shared DC alternate account, not a person"
428,ADDA,61,18259,415473,Sabah,Ahmad,Yacht Dawgs,B,2,dcid,resolved,
680,ADDA,61,18259,204717,Jeff,Bekiares,Yacht Dawgs,B,2,dcid,resolved,
169,ADDA,61,18259,415470,Krisna,Gendo,Yacht Dawgs,B,2,dcid,resolved,
33,ADDA,61,18259,200987,Frank,Schultz,Yacht Dawgs,B,2,dcid,resolved,
6,ADDA,61,18259,204710,Rob,Sten,Yacht Dawgs,B,2,dcid,resolved,
3002,ADDA,61,18259,417985,zz Alternate,zz,Yacht Dawgs,B,2,dcid,placeholder,"shared DC alternate account, not a person"
1329,ADDA,61,18259,448116,Nickie  ,Adams,Dissa Pointers,C,302,dcid,resolved,
2003,ADDA,61,18259,448119,Sam,Barksdale,Dissa Pointers,C,302,dcid,resolved,
2010,ADDA,61,18259,448118,Steven,Feki,Dissa Pointers,C,302,dcid,resolved,
1244,ADDA,61,18259,448117,James,Hutchins,Dissa Pointers,C,302,dcid,resolved,
1294,ADDA,61,18259,448404,Nick,Lemmond,Dissa Pointers,C,302,dcid,resolved,
3302,ADDA,61,18259,473887,zz Alternate,zz,Dissa Pointers,C,302,dcid,placeholder,"shared DC alternate account, not a person"
1866,ADDA,61,18259,416116,Lauren,Alvarez,Gatitos de la Muerte,C,190,dcid,resolved,
1081,ADDA,61,18259,416114,Jumpy,Burns,Gatitos de la Muerte,C,190,dcid,resolved,
1143,ADDA,61,18259,416117,Matt,Cartin,Gatitos de la Muerte,C,190,dcid,resolved,
1751,ADDA,61,18259,416113,Erica,Fortune,Gatitos de la Muerte,C,190,dcid,resolved,
1109,ADDA,61,18259,431514,Amber,Gallagher,Gatitos de la Muerte,C,190,dcid,resolved,
1111,ADDA,61,18259,416112,Paul,Granade,Gatitos de la Muerte,C,190,dcid,resolved,
1108,ADDA,61,18259,201004,Bretton,McIlrath,Gatitos de la Muerte,C,190,dcid,resolved,
1260,ADDA,61,18259,201009,Brian,Newsome,Gatitos de la Muerte,C,190,dcid,resolved,
1228,ADDA,61,18259,416115,James,Steadham,Gatitos de la Muerte,C,190,dcid,resolved,
3190,ADDA,61,18259,416493,zz Alternate,zz,Gatitos de la Muerte,C,190,dcid,placeholder,"shared DC alternate account, not a person"
2032,ADDA,61,18259,470033,Adrian,Adams,Inner Voice,C,283,dcid,resolved,
1785,ADDA,61,18259,415437,Paul,Amedeo,Inner Voice,C,283,dcid,resolved,
1788,ADDA,61,18259,415440,Josh,Johnson,Inner Voice,C,283,dcid,resolved,
1790,ADDA,61,18259,415438,Joed,Kendrick,Inner Voice,C,283,dcid,resolved,
1835,ADDA,61,18259,416687,Jeff,Linn,Inner Voice,C,283,dcid,resolved,
1816,ADDA,61,18259,421099,Matt,Roszak,Inner Voice,C,283,dcid,resolved,
1786,ADDA,61,18259,415439,Tristan,Ziegler,Inner Voice,C,283,dcid,resolved,
3283,ADDA,61,18259,416580,zz Alternate,zz,Inner Voice,C,283,dcid,placeholder,"shared DC alternate account, not a person"
2006,ADDA,61,18259,450066,Grant,Brantley,MBT20,C,282,dcid,resolved,
1002,ADDA,61,18259,415443,Heather,Koth,MBT20,C,282,dcid,resolved,
1460,ADDA,61,18259,415442,Josh,McLaurin,MBT20,C,282,dcid,resolved,
1322,ADDA,61,18259,415441,Robert,Sills,MBT20,C,282,dcid,resolved,
1007,ADDA,61,18259,415444,Laura,Steul,MBT20,C,282,dcid,resolved,
1826,ADDA,61,18259,415445,Michael,Walsh,MBT20,C,282,dcid,resolved,
3282,ADDA,61,18259,416576,zz Alternate,zz,MBT20,C,282,dcid,placeholder,"shared DC alternate account, not a person"
334,ADDA,61,18259,415425,Matt,Hall,Off in the Woods,C,47,dcid,resolved,
332,ADDA,61,18259,415422,Miro,Malesevic,Off in the Woods,C,47,dcid,resolved,
339,ADDA,61,18259,415420,Scott,Mitchell,Off in the Woods,C,47,dcid,resolved,
296,ADDA,61,18259,415421,Brian,Reber,Off in the Woods,C,47,dcid,resolved,
1805,ADDA,61,18259,415426,Merrick,Royball,Off in the Woods,C,47,dcid,resolved,
333,ADDA,61,18259,415423,Kristin,Thorsen,Off in the Woods,C,47,dcid,resolved,
590,ADDA,61,18259,415424,Matt,Weaver,Off in the Woods,C,47,dcid,resolved,
3047,ADDA,61,18259,416494,zz Alternate,zz,Off in the Woods,C,47,dcid,placeholder,"shared DC alternate account, not a person"
2069,ADDA,61,18259,497670,Pierce,Bauer,USS Big Hard,C,266,dcid,resolved,
1867,ADDA,61,18259,418154,Spencer,Bauer,USS Big Hard,C,266,dcid,resolved,
1397,ADDA,61,18259,416076,Doug,Holloway,USS Big Hard,C,266,dcid,resolved,
1770,ADDA,61,18259,416081,Josh,Hunsberger,USS Big Hard,C,266,dcid,resolved,
1396,ADDA,61,18259,416079,Hayley,McNutt,USS Big Hard,C,266,dcid,resolved,
1754,ADDA,61,18259,416078,Katt,Miteff,USS Big Hard,C,266,dcid,resolved,
1868,ADDA,61,18259,418155,Cameron,Pennington,USS Big Hard,C,266,dcid,resolved,
1863,ADDA,61,18259,416080,Ben,Rolader,USS Big Hard,C,266,dcid,resolved,
1445,ADDA,61,18259,416077,Greg,Shaw,USS Big Hard,C,266,dcid,resolved,
2017,ADDA,61,18259,451498,Spencer ,Strobel,USS Big Hard,C,266,dcid,resolved,
3266,ADDA,61,18259,416572,zz Alternate,zz,USS Big Hard,C,266,dcid,placeholder,"shared DC alternate account, not a person"
1175,ADDA,61,18259,201006,Brent,Harris,Castleberry Hill Dart Club,D,246,dcid,resolved,
433,ADDA,61,18259,415428,Sara,Haskew,Castleberry Hill Dart Club,D,246,dcid,resolved,
1448,ADDA,61,18259,415427,Amelia,Hill,Castleberry Hill Dart Club,D,246,dcid,resolved,
2013,ADDA,61,18259,447825,Aneal,Khimani,Castleberry Hill Dart Club,D,246,dcid,resolved,
1467,ADDA,61,18259,415429,Dan,Niewoehner,Castleberry Hill Dart Club,D,246,dcid,resolved,
3246,ADDA,61,18259,416492,zz Alternate,zz,Castleberry Hill Dart Club,D,246,dcid,placeholder,"shared DC alternate account, not a person"
1437,ADDA,61,18259,415982,Myles,Andre,Dart Bags,D,277,dcid,resolved,
1435,ADDA,61,18259,415985,Derrick,Blackman,Dart Bags,D,277,dcid,resolved,
1797,ADDA,61,18259,415984,Artie,Nicholaus,Dart Bags,D,277,dcid,resolved,
1755,ADDA,61,18259,415986,Dave,Reis,Dart Bags,D,277,dcid,resolved,
1164,ADDA,61,18259,201011,Ryan,Reynolds,Dart Bags,D,277,dcid,resolved,
1436,ADDA,61,18259,415983,Ryan,Schumacher,Dart Bags,D,277,dcid,resolved,
3277,ADDA,61,18259,416579,zz Alternate,zz,Dart Bags,D,277,dcid,placeholder,"shared DC alternate account, not a person"
524,ADDA,61,18259,428322,John ,Collins,Flight Club,D,81,dcid,resolved,
619,ADDA,61,18259,428319,Mike,Fitzgibbon,Flight Club,D,81,dcid,resolved,
1759,ADDA,61,18259,428323,Brian,Fletcher,Flight Club,D,81,dcid,resolved,
1148,ADDA,61,18259,428321,John,Marty,Flight Club,D,81,dcid,resolved,
523,ADDA,61,18259,415454,David,Massey,Flight Club,D,81,dcid,resolved,
521,ADDA,61,18259,428318,Johnny,McConnell,Flight Club,D,81,dcid,resolved,
748,ADDA,61,18259,201002,Andy,Minkewicz,Flight Club,D,81,dcid,resolved,
526,ADDA,61,18259,428320,Trey,Smith,Flight Club,D,81,dcid,resolved,
525,ADDA,61,18259,428317,Tom,Williams,Flight Club,D,81,dcid,resolved,
3081,ADDA,61,18259,465238,zz Alternate,zz,Flight Club,D,81,dcid,placeholder,"shared DC alternate account, not a person"
1045,ADDA,61,18259,200997,Sam,Farmer,Needledicks,D,245,dcid,resolved,
2033,ADDA,61,18259,472495,Ali,Horton,Needledicks,D,245,dcid,resolved,
1042,ADDA,61,18259,416135,Jimmy,Horton,Needledicks,D,245,dcid,resolved,
1226,ADDA,61,18259,416121,Tom,Kerekes,Needledicks,D,245,dcid,resolved,
1162,ADDA,61,18259,416131,Jake,Star,Needledicks,D,245,dcid,resolved,
1478,ADDA,61,18259,416134,Craig,Tanguay,Needledicks,D,245,dcid,resolved,
3245,ADDA,61,18259,416578,zz Alternate,zz,Needledicks,D,245,dcid,placeholder,"shared DC alternate account, not a person"
1830,ADDA,61,18259,415483,Jason,Boley,UFO's,D,196,dcid,resolved,
1831,ADDA,61,18259,415482,Ben,Clayton,UFO's,D,196,dcid,resolved,
1832,ADDA,61,18259,415481,Lindsey,Dowell,UFO's,D,196,dcid,resolved,
876,ADDA,61,18259,415430,Michael,Dryden,UFO's,D,196,dcid,resolved,
1251,ADDA,61,18259,415484,Jeff,Gordon,UFO's,D,196,dcid,resolved,
1475,ADDA,61,18259,415476,Mike,Gover,UFO's,D,196,dcid,resolved,
1403,ADDA,61,18259,415480,Scott,Jones,UFO's,D,196,dcid,resolved,
910,ADDA,61,18259,415479,Kevin,Leipow,UFO's,D,196,dcid,resolved,
861,ADDA,61,18259,415478,Doug,Lueder,UFO's,D,196,dcid,resolved,
860,ADDA,61,18259,415477,Moran,Vered,UFO's,D,196,dcid,resolved,
3196,ADDA,61,18259,416574,zz Alternate,zz,UFO's,D,196,dcid,placeholder,"shared DC alternate account, not a person"
2036,ADDA,61,18259,482240,Sophie,Atkinson,Armed and Hammered,E,301,dcid,resolved,
2007,ADDA,61,18259,448402,Stephanie,Buehler,Armed and Hammered,E,301,dcid,resolved,
2008,ADDA,61,18259,448403,Lindsey,Cyr,Armed and Hammered,E,301,dcid,resolved,
2067,ADDA,61,18259,492652,Dylan,D'Angelo,Armed and Hammered,E,301,dcid,resolved,
669,ADDA,61,18259,448093,Chad,Haase,Armed and Hammered,E,301,dcid,resolved,
917,ADDA,61,18259,448391,Wendy,Lambert,Armed and Hammered,E,301,dcid,resolved,
2037,ADDA,61,18259,482241,Ethan,Thurmond,Armed and Hammered,E,301,dcid,resolved,
1071,ADDA,61,18259,448397,Clinton,Watkins,Armed and Hammered,E,301,dcid,resolved,
3301,ADDA,61,18259,454668,zz Alternate,zz,Armed and Hammered,E,301,dcid,placeholder,"shared DC alternate account, not a person"
1771,ADDA,61,18259,415467,Paul,Cloutier,Dart Attacks,E,209,dcid,resolved,
1456,ADDA,61,18259,415465,Ryan,Evans,Dart Attacks,E,209,dcid,resolved,
1780,ADDA,61,18259,415468,Thomas,Forbes,Dart Attacks,E,209,dcid,resolved,
943,ADDA,61,18259,201012,Bill,Griffin,Dart Attacks,E,209,dcid,resolved,
1455,ADDA,61,18259,415466,Leanna,London,Dart Attacks,E,209,dcid,resolved,
1838,ADDA,61,18259,415469,Reaghan,Smith,Dart Attacks,E,209,dcid,resolved,
3209,ADDA,61,18259,416571,zz Alternate,zz,Dart Attacks,E,209,dcid,placeholder,"shared DC alternate account, not a person"
2062,ADDA,61,18259,492008,Faughn,Adams,Dart Side of the Moon,E,312,dcid,resolved,
2054,ADDA,61,18259,488177,Tae,Bryan,Dart Side of the Moon,E,312,dcid,resolved,
2063,ADDA,61,18259,492010,TJ,Carlton,Dart Side of the Moon,E,312,dcid,resolved,
2064,ADDA,61,18259,492011,Paula,Cicio,Dart Side of the Moon,E,312,dcid,resolved,
2057,ADDA,61,18259,488148,Cat,Matthews,Dart Side of the Moon,E,312,dcid,resolved,
2058,ADDA,61,18259,488151,Mike,McClellan,Dart Side of the Moon,E,312,dcid,resolved,
3312,ADDA,61,18259,492013,zz Alternate,zz,Dart Side of the Moon,E,312,dcid,placeholder,"shared DC alternate account, not a person"
2052,ADDA,61,18259,485999,Megan,Alexander,Napoleon BonaDarte,E,311,dcid,resolved,
2046,ADDA,61,18259,482415,Jacob,Berry,Napoleon BonaDarte,E,311,dcid,resolved,
2045,ADDA,61,18259,482414,Joe,Guardino,Napoleon BonaDarte,E,311,dcid,resolved,
2047,ADDA,61,18259,482416,Dylan,Guggenheim,Napoleon BonaDarte,E,311,dcid,resolved,
2044,ADDA,61,18259,482413,Travis,Pulliam,Napoleon BonaDarte,E,311,dcid,resolved,
3311,ADDA,61,18259,496950,zz Alternate,zz,Napoleon BonaDarte,E,311,dcid,placeholder,"shared DC alternate account, not a person"
2039,ADDA,61,18259,482244,Ryan,Blumberg,Throwing Shade,E,310,dcid,resolved,
2042,ADDA,61,18259,482247,Willem,Derks,Throwing Shade,E,310,dcid,resolved,
2043,ADDA,61,18259,482248,Don,Hamp,Throwing Shade,E,310,dcid,resolved,
2038,ADDA,61,18259,482243,Doug,Jones,Throwing Shade,E,310,dcid,resolved,
2041,ADDA,61,18259,482246,Jan,Jones,Throwing Shade,E,310,dcid,resolved,
2040,ADDA,61,18259,482245,Joseph,Prestigiacomo,Throwing Shade,E,310,dcid,resolved,dcid match; name not on canonical team roster for season
3310,ADDA,61,18259,496967,zz Alternate,zz,Throwing Shade,E,310,dcid,placeholder,"shared DC alternate account, not a person"
2034,ADDA,62,20554,472303,Austin,Campagnolo,Darty Rotten Scoundrels,A,99,dcid,resolved,
696,ADDA,62,20554,416129,Jamila,Hankins,Darty Rotten Scoundrels,A,99,dcid,resolved,
799,ADDA,62,20554,421935,Binz ,Hansen,Darty Rotten Scoundrels,A,99,dcid,resolved,
2012,ADDA,62,20554,450188,Ryan ,Hansen,Darty Rotten Scoundrels,A,99,dcid,resolved,
1345,ADDA,62,20554,416128,Tyler,Mabry,Darty Rotten Scoundrels,A,99,dcid,resolved,
1266,ADDA,62,20554,201001,Patrick,McCoy,Darty Rotten Scoundrels,A,99,dcid,resolved,
3099,ADDA,62,20554,416586,zz Alternate,zz,Darty Rotten Scoundrels,A,99,dcid,placeholder,"shared DC alternate account, not a person"
2,ADDA,62,20554,204711,Neil,Bronstein,Menace II Sobriety,A,243,dcid,resolved,
8,ADDA,62,20554,200990,Gus,Glaw,Menace II Sobriety,A,243,dcid,resolved,
173,ADDA,62,20554,204709,Tom,Hidock,Menace II Sobriety,A,243,dcid,resolved,
499,ADDA,62,20554,205023,Brian,Lane,Menace II Sobriety,A,243,dcid,resolved,
4,ADDA,62,20554,200991,Wade,Moricle,Menace II Sobriety,A,243,dcid,resolved,
2015,ADDA,62,20554,446825,Joe ,Ryan,Menace II Sobriety,A,243,dcid,resolved,
3243,ADDA,62,20554,416590,zz Alternate,zz,Menace II Sobriety,A,243,dcid,placeholder,"shared DC alternate account, not a person"
429,ADDA,62,20554,415417,Mike,Gentry,No Mas,A,276,dcid,resolved,
1410,ADDA,62,20554,416071,Rede,Hankinson,No Mas,A,276,dcid,resolved,
1446,ADDA,62,20554,416072,Dave,Jordan,No Mas,A,276,dcid,resolved,
1477,ADDA,62,20554,416074,Rob,Koppenhaver,No Mas,A,276,dcid,resolved,
127,ADDA,62,20554,468577,John,Steinhofer,No Mas,A,276,dcid,resolved,
1393,ADDA,62,20554,416073,Matthew,Suhr,No Mas,A,276,dcid,resolved,
1852,ADDA,62,20554,518215,Duane,Trotter,No Mas,A,276,dcid,resolved,
3276,ADDA,62,20554,416582,zz Alternate,zz,No Mas,A,276,dcid,placeholder,"shared DC alternate account, not a person"
1138,ADDA,62,20554,415463,Robert,Graham,Paul Dart Mall Cop,A,241,dcid,resolved,
1137,ADDA,62,20554,415459,Ben,McGlamery,Paul Dart Mall Cop,A,241,dcid,resolved,
1235,ADDA,62,20554,415461,Matt,McGlamery,Paul Dart Mall Cop,A,241,dcid,resolved,
1454,ADDA,62,20554,415462,Andrew,McIntosh,Paul Dart Mall Cop,A,241,dcid,resolved,
1479,ADDA,62,20554,415460,Caleb,Weir,Paul Dart Mall Cop,A,241,dcid,resolved,
1463,ADDA,62,20554,415464,Gavin,Williams,Paul Dart Mall Cop,A,241,dcid,resolved,
3241,ADDA,62,20554,416585,zz Alternate,zz,Paul Dart Mall Cop,A,241,dcid,placeholder,"shared DC alternate account, not a person"
1385,ADDA,62,20554,201010,Nick,DeMarco,Projectile Dysfunction,A,177,dcid,resolved,
1773,ADDA,62,20554,416109,Brendan,Elizondo,Projectile Dysfunction,A,177,dcid,resolved,
1386,ADDA,62,20554,416107,Ryan,Murphy,Projectile Dysfunction,A,177,dcid,resolved,
1804,ADDA,62,20554,416108,Jaron,Neal,Projectile Dysfunction,A,177,dcid,resolved,
1431,ADDA,62,20554,416110,Antonio,Pfleegor,Projectile Dysfunction,A,177,dcid,resolved,
1388,ADDA,62,20554,416111,Bruce,Thomas,Projectile Dysfunction,A,177,dcid,resolved,
3177,ADDA,62,20554,416573,zz Alternate,zz,Projectile Dysfunction,A,177,dcid,placeholder,"shared DC alternate account, not a person"
1769,ADDA,62,20554,415450,Conner,Allred,The Drunken Phoenix,A,240,dcid,resolved,
1128,ADDA,62,20554,201003,Frank,Cassino,The Drunken Phoenix,A,240,dcid,resolved,
1130,ADDA,62,20554,415448,Bryan,Hieserman,The Drunken Phoenix,A,240,dcid,resolved,
1129,ADDA,62,20554,436135,Don,Hodack,The Drunken Phoenix,A,240,dcid,resolved,
1133,ADDA,62,20554,415452,Stephen,Pritchett,The Drunken Phoenix,A,240,dcid,resolved,
1131,ADDA,62,20554,415451,Scott,Robinson,The Drunken Phoenix,A,240,dcid,resolved,
1135,ADDA,62,20554,415453,Darrin,Tigue,The Drunken Phoenix,A,240,dcid,resolved,
3240,ADDA,62,20554,416584,zz Alternate,zz,The Drunken Phoenix,A,240,dcid,placeholder,"shared DC alternate account, not a person"
1416,ADDA,62,20554,415456,Matt,Bailey,Darty Birds,B,275,dcid,resolved,
1417,ADDA,62,20554,415457,Dave,Benkeser,Darty Birds,B,275,dcid,resolved,
1414,ADDA,62,20554,201008,David,Hooten,Darty Birds,B,275,dcid,resolved,
1415,ADDA,62,20554,415455,Max,Leonard,Darty Birds,B,275,dcid,resolved,
1439,ADDA,62,20554,415458,Andrew,Mistretta,Darty Birds,B,275,dcid,resolved,
3275,ADDA,62,20554,416581,zz Alternate,zz,Darty Birds,B,275,dcid,placeholder,"shared DC alternate account, not a person"
1855,ADDA,62,20554,416123,Duncan,Albert,Dirty Darters,B,289,dcid,resolved,
1842,ADDA,62,20554,416715,Connor,Bernhard,Dirty Darters,B,289,dcid,resolved,
2065,ADDA,62,20554,491971,Ryan,Cannin,Dirty Darters,B,289,dcid,resolved,
1860,ADDA,62,20554,416714,Ted,Eader,Dirty Darters,B,289,dcid,resolved,
1839,ADDA,62,20554,416124,Patrick,Gallagher,Dirty Darters,B,289,dcid,resolved,
1854,ADDA,62,20554,416122,Eric,Goodrich,Dirty Darters,B,289,dcid,resolved,
1859,ADDA,62,20554,416713,Rodney,Mosteller,Dirty Darters,B,289,dcid,resolved,
1857,ADDA,62,20554,416711,Daniel,Wartner,Dirty Darters,B,289,dcid,resolved,
3289,ADDA,62,20554,416575,zz Alternate,zz,Dirty Darters,B,289,dcid,placeholder,"shared DC alternate account, not a person"
1329,ADDA,62,20554,448116,Nickie  ,Adams,Dissa Pointers,B,302,dcid,resolved,
2003,ADDA,62,20554,448119,Sam,Barksdale,Dissa Pointers,B,302,dcid,resolved,
2010,ADDA,62,20554,448118,Steven,Feki,Dissa Pointers,B,302,dcid,resolved,
1244,ADDA,62,20554,448117,James,Hutchins,Dissa Pointers,B,302,dcid,resolved,
1294,ADDA,62,20554,448404,Nick,Lemmond,Dissa Pointers,B,302,dcid,resolved,
3302,ADDA,62,20554,473887,zz Alternate,zz,Dissa Pointers,B,302,dcid,placeholder,"shared DC alternate account, not a person"
1011,ADDA,62,20554,415432,Charlie,Cates,Hug a Doug,B,48,dcid,resolved,
1170,ADDA,62,20554,415434,Sean,Chance,Hug a Doug,B,48,dcid,resolved,
382,ADDA,62,20554,415431,Emory,Cullen,Hug a Doug,B,48,dcid,resolved,
1214,ADDA,62,20554,415436,Todd,Gandee,Hug a Doug,B,48,dcid,resolved,
519,ADDA,62,20554,415433,Chris,Jones,Hug a Doug,B,48,dcid,resolved,
1033,ADDA,62,20554,415435,Doug,Sprinkle,Hug a Doug,B,48,dcid,resolved,
3048,ADDA,62,20554,416577,zz Alternate,zz,Hug a Doug,B,48,dcid,placeholder,"shared DC alternate account, not a person"
1053,ADDA,62,20554,200993,Shayne,Adams,We're Sexy and We Throw It,B,228,dcid,resolved,
720,ADDA,62,20554,200998,Gareth,Buckley,We're Sexy and We Throw It,B,228,dcid,resolved,
1097,ADDA,62,20554,200986,Jacob,Gauthier,We're Sexy and We Throw It,B,228,dcid,resolved,
1036,ADDA,62,20554,200995,Andy,McClatchey,We're Sexy and We Throw It,B,228,dcid,resolved,
1039,ADDA,62,20554,200996,William,Vance,We're Sexy and We Throw It,B,228,dcid,resolved,
1216,ADDA,62,20554,200994,Dustin,Weaver,We're Sexy and We Throw It,B,228,dcid,resolved,
3228,ADDA,62,20554,416587,zz Alternate,zz,We're Sexy and We Throw It,B,228,dcid,placeholder,"shared DC alternate account, not a person"
428,ADDA,62,20554,415473,Sabah,Ahmad,Yacht Dawgs,B,2,dcid,resolved,
680,ADDA,62,20554,204717,Jeff,Bekiares,Yacht Dawgs,B,2,dcid,resolved,
14,ADDA,62,20554,421832,Steve,Blackburn,Yacht Dawgs,B,2,dcid,resolved,
169,ADDA,62,20554,415470,Krisna,Gendo,Yacht Dawgs,B,2,dcid,resolved,
1799,ADDA,62,20554,509616,Kevin,Riordan,Yacht Dawgs,B,2,dcid,resolved,
33,ADDA,62,20554,200987,Frank,Schultz,Yacht Dawgs,B,2,dcid,resolved,
6,ADDA,62,20554,204710,Rob,Sten,Yacht Dawgs,B,2,dcid,resolved,
3002,ADDA,62,20554,417985,zz Alternate,zz,Yacht Dawgs,B,2,dcid,placeholder,"shared DC alternate account, not a person"
1437,ADDA,62,20554,415982,Myles,Andre,Dart Bags,C,277,dcid,resolved,
1435,ADDA,62,20554,415985,Derrick,Blackman,Dart Bags,C,277,dcid,resolved,
1797,ADDA,62,20554,415984,Artie,Nicholaus,Dart Bags,C,277,dcid,resolved,
1755,ADDA,62,20554,415986,Dave,Reis,Dart Bags,C,277,dcid,resolved,
1164,ADDA,62,20554,201011,Ryan,Reynolds,Dart Bags,C,277,dcid,resolved,
1436,ADDA,62,20554,415983,Ryan,Schumacher,Dart Bags,C,277,dcid,resolved,
3277,ADDA,62,20554,416579,zz Alternate,zz,Dart Bags,C,277,dcid,placeholder,"shared DC alternate account, not a person"
932,ADDA,62,20554,421936,Bryan,Blase,Finer Points,C,316,dcid,resolved,
2079,ADDA,62,20554,513355,Curt,Bonnem,Finer Points,C,316,dcid,resolved,
1801,ADDA,62,20554,488145,Jason,Egli,Finer Points,C,316,dcid,resolved,
2085,ADDA,62,20554,514091,James,Fusco,Finer Points,C,316,dcid,resolved,
2086,ADDA,62,20554,514104,Paul,Hughes,Finer Points,C,316,dcid,resolved,
2082,ADDA,62,20554,513358,Linda,Mongalo,Finer Points,C,316,dcid,resolved,
2059,ADDA,62,20554,488152,Austin,Pender,Finer Points,C,316,dcid,resolved,
2080,ADDA,62,20554,513356,Sulli,Sullivan,Finer Points,C,316,dcid,resolved,
3316,ADDA,62,20554,514356,zz Alternate,zz,Finer Points,C,316,dcid,placeholder,"shared DC alternate account, not a person"
1866,ADDA,62,20554,416116,Lauren,Alvarez,Gatitos de la Muerte,C,190,dcid,resolved,
1081,ADDA,62,20554,416114,Jumpy,Burns,Gatitos de la Muerte,C,190,dcid,resolved,
1143,ADDA,62,20554,416117,Matt,Cartin,Gatitos de la Muerte,C,190,dcid,resolved,
1751,ADDA,62,20554,416113,Erica,Fortune,Gatitos de la Muerte,C,190,dcid,resolved,
1109,ADDA,62,20554,431514,Amber,Gallagher,Gatitos de la Muerte,C,190,dcid,resolved,
1111,ADDA,62,20554,416112,Paul,Granade,Gatitos de la Muerte,C,190,dcid,resolved,
1108,ADDA,62,20554,201004,Bretton,McIlrath,Gatitos de la Muerte,C,190,dcid,resolved,
1260,ADDA,62,20554,201009,Brian,Newsome,Gatitos de la Muerte,C,190,dcid,resolved,
1766,ADDA,62,20554,512418,Stephanie,Newsome,Gatitos de la Muerte,C,190,dcid,resolved,
1228,ADDA,62,20554,416115,James,Steadham,Gatitos de la Muerte,C,190,dcid,resolved,
3190,ADDA,62,20554,416493,zz Alternate,zz,Gatitos de la Muerte,C,190,dcid,placeholder,"shared DC alternate account, not a person"
2006,ADDA,62,20554,450066,Grant,Brantley,MBT20,C,282,dcid,resolved,
1002,ADDA,62,20554,415443,Heather,Koth,MBT20,C,282,dcid,resolved,
1460,ADDA,62,20554,415442,Josh,McLaurin,MBT20,C,282,dcid,resolved,
1322,ADDA,62,20554,415441,Robert,Sills,MBT20,C,282,dcid,resolved,
1007,ADDA,62,20554,415444,Laura,Steul,MBT20,C,282,dcid,resolved,
1826,ADDA,62,20554,415445,Michael,Walsh,MBT20,C,282,dcid,resolved,
3282,ADDA,62,20554,416576,zz Alternate,zz,MBT20,C,282,dcid,placeholder,"shared DC alternate account, not a person"
334,ADDA,62,20554,415425,Matt,Hall,Off in the Woods,C,47,dcid,resolved,
332,ADDA,62,20554,415422,Miro,Malesevic,Off in the Woods,C,47,dcid,resolved,
339,ADDA,62,20554,415420,Scott,Mitchell,Off in the Woods,C,47,dcid,resolved,
296,ADDA,62,20554,415421,Brian,Reber,Off in the Woods,C,47,dcid,resolved,
1805,ADDA,62,20554,415426,Merrick,Royball,Off in the Woods,C,47,dcid,resolved,
333,ADDA,62,20554,415423,Kristin,Thorsen,Off in the Woods,C,47,dcid,resolved,
590,ADDA,62,20554,415424,Matt,Weaver,Off in the Woods,C,47,dcid,resolved,
3047,ADDA,62,20554,416494,zz Alternate,zz,Off in the Woods,C,47,dcid,placeholder,"shared DC alternate account, not a person"
2069,ADDA,62,20554,497670,Pierce,Bauer,USS Big Hard,C,266,dcid,resolved,
1867,ADDA,62,20554,418154,Spencer,Bauer,USS Big Hard,C,266,dcid,resolved,
1397,ADDA,62,20554,416076,Doug,Holloway,USS Big Hard,C,266,dcid,resolved,
1770,ADDA,62,20554,416081,Josh,Hunsberger,USS Big Hard,C,266,dcid,resolved,
1396,ADDA,62,20554,416079,Hayley,McNutt,USS Big Hard,C,266,dcid,resolved,
1754,ADDA,62,20554,416078,Katt,Miteff,USS Big Hard,C,266,dcid,resolved,
1868,ADDA,62,20554,418155,Cameron,Pennington,USS Big Hard,C,266,dcid,resolved,
1863,ADDA,62,20554,416080,Ben,Rolader,USS Big Hard,C,266,dcid,resolved,
1445,ADDA,62,20554,416077,Greg,Shaw,USS Big Hard,C,266,dcid,resolved,
2017,ADDA,62,20554,451498,Spencer ,Strobel,USS Big Hard,C,266,dcid,resolved,
3266,ADDA,62,20554,416572,zz Alternate,zz,USS Big Hard,C,266,dcid,placeholder,"shared DC alternate account, not a person"
2036,ADDA,62,20554,482240,Sophie,Atkinson,Armed and Hammered,D,301,dcid,resolved,
2007,ADDA,62,20554,448402,Stephanie,Buehler,Armed and Hammered,D,301,dcid,resolved,
2008,ADDA,62,20554,448403,Lindsey,Cyr,Armed and Hammered,D,301,dcid,resolved,
2067,ADDA,62,20554,492652,Dylan,D'Angelo,Armed and Hammered,D,301,dcid,resolved,
669,ADDA,62,20554,448093,Chad,Haase,Armed and Hammered,D,301,dcid,resolved,
917,ADDA,62,20554,448391,Wendy,Lambert,Armed and Hammered,D,301,dcid,resolved,
2037,ADDA,62,20554,482241,Ethan,Thurmond,Armed and Hammered,D,301,dcid,resolved,
1071,ADDA,62,20554,448397,Clinton,Watkins,Armed and Hammered,D,301,dcid,resolved,
3301,ADDA,62,20554,454668,zz Alternate,zz,Armed and Hammered,D,301,dcid,placeholder,"shared DC alternate account, not a person"
1175,ADDA,62,20554,201006,Brent,Harris,Castleberry Hill Dart Club,D,246,dcid,resolved,
433,ADDA,62,20554,415428,Sara,Haskew,Castleberry Hill Dart Club,D,246,dcid,resolved,
1448,ADDA,62,20554,415427,Amelia,Hill,Castleberry Hill Dart Club,D,246,dcid,resolved,
2013,ADDA,62,20554,447825,Aneal,Khimani,Castleberry Hill Dart Club,D,246,dcid,resolved,
1467,ADDA,62,20554,415429,Dan,Niewoehner,Castleberry Hill Dart Club,D,246,dcid,resolved,
3246,ADDA,62,20554,416492,zz Alternate,zz,Castleberry Hill Dart Club,D,246,dcid,placeholder,"shared DC alternate account, not a person"
1771,ADDA,62,20554,415467,Paul,Cloutier,Dart Attacks,D,209,dcid,resolved,
1456,ADDA,62,20554,415465,Ryan,Evans,Dart Attacks,D,209,dcid,resolved,
1780,ADDA,62,20554,415468,Thomas,Forbes,Dart Attacks,D,209,dcid,resolved,
943,ADDA,62,20554,201012,Bill,Griffin,Dart Attacks,D,209,dcid,resolved,
2092,ADDA,62,20554,522851,Mike,Lind,Dart Attacks,D,209,dcid,resolved,
1455,ADDA,62,20554,415466,Leanna,London,Dart Attacks,D,209,dcid,resolved,
1838,ADDA,62,20554,415469,Reaghan,Smith,Dart Attacks,D,209,dcid,resolved,
3209,ADDA,62,20554,416571,zz Alternate,zz,Dart Attacks,D,209,dcid,placeholder,"shared DC alternate account, not a person"
524,ADDA,62,20554,428322,John ,Collins,Flight Club,D,81,dcid,resolved,
619,ADDA,62,20554,428319,Mike,Fitzgibbon,Flight Club,D,81,dcid,resolved,
1759,ADDA,62,20554,428323,Brian,Fletcher,Flight Club,D,81,dcid,resolved,
1148,ADDA,62,20554,428321,John,Marty,Flight Club,D,81,dcid,resolved,
523,ADDA,62,20554,415454,David,Massey,Flight Club,D,81,dcid,resolved,
521,ADDA,62,20554,428318,Johnny,McConnell,Flight Club,D,81,dcid,resolved,
748,ADDA,62,20554,201002,Andy,Minkewicz,Flight Club,D,81,dcid,resolved,
526,ADDA,62,20554,428320,Trey,Smith,Flight Club,D,81,dcid,resolved,
525,ADDA,62,20554,428317,Tom,Williams,Flight Club,D,81,dcid,resolved,
3081,ADDA,62,20554,465238,zz Alternate,zz,Flight Club,D,81,dcid,placeholder,"shared DC alternate account, not a person"
2052,ADDA,62,20554,485999,Megan,Alexander,Napoleon BonaDarte,D,311,dcid,resolved,
2046,ADDA,62,20554,482415,Jacob,Berry,Napoleon BonaDarte,D,311,dcid,resolved,
2045,ADDA,62,20554,482414,Joe,Guardino,Napoleon BonaDarte,D,311,dcid,resolved,
2047,ADDA,62,20554,482416,Dylan,Guggenheim,Napoleon BonaDarte,D,311,dcid,resolved,
2044,ADDA,62,20554,482413,Travis,Pulliam,Napoleon BonaDarte,D,311,dcid,resolved,
3311,ADDA,62,20554,496950,zz Alternate,zz,Napoleon BonaDarte,D,311,dcid,placeholder,"shared DC alternate account, not a person"
2076,ADDA,62,20554,508099,Bill,Jones,Plan B,D,314,dcid,resolved,
2072,ADDA,62,20554,508095,Janine,Kupersmith,Plan B,D,314,dcid,resolved,
2075,ADDA,62,20554,508098,Patricia,Liscio,Plan B,D,314,dcid,resolved,
2073,ADDA,62,20554,508096,Novarah,Mattiaccio,Plan B,D,314,dcid,resolved,
2074,ADDA,62,20554,508097,Pasquale,Mattiaccio,Plan B,D,314,dcid,resolved,
2089,ADDA,62,20554,516582,Jennie,Myers,Plan B,D,314,dcid,resolved,
3314,ADDA,62,20554,515255,zz Alternate,zz,Plan B,D,314,dcid,placeholder,"shared DC alternate account, not a person"
2039,ADDA,62,20554,482244,Ryan,Blumberg,Throwing Shade,D,310,dcid,resolved,
2042,ADDA,62,20554,482247,Willem,Derks,Throwing Shade,D,310,dcid,resolved,
2043,ADDA,62,20554,482248,Don,Hamp,Throwing Shade,D,310,dcid,resolved,
2038,ADDA,62,20554,482243,Doug,Jones,Throwing Shade,D,310,dcid,resolved,
2041,ADDA,62,20554,482246,Jan,Jones,Throwing Shade,D,310,dcid,resolved,
2040,ADDA,62,20554,482245,Joe,Prestigiacomo,Throwing Shade,D,310,dcid,resolved,
3310,ADDA,62,20554,496967,zz Alternate,zz,Throwing Shade,D,310,dcid,placeholder,"shared DC alternate account, not a person"
2062,ADDA,62,20554,492008,Faughn,Adams,Turtle Tantrum Dart Club,D,312,dcid,resolved,
2077,ADDA,62,20554,507777,Mitch,Carlson,Turtle Tantrum Dart Club,D,312,dcid,resolved,
2063,ADDA,62,20554,492010,TJ,Carlton,Turtle Tantrum Dart Club,D,312,dcid,resolved,
2084,ADDA,62,20554,514125,Lauren,Davis,Turtle Tantrum Dart Club,D,312,dcid,resolved,
2058,ADDA,62,20554,488151,Mike,McClellan,Turtle Tantrum Dart Club,D,312,dcid,resolved,
1471,ADDA,62,20554,416127,Charlene,Sotolongo,Turtle Tantrum Dart Club,D,312,dcid,resolved,
1470,ADDA,62,20554,416126,Tim,Truman,Turtle Tantrum Dart Club,D,312,dcid,resolved,
3312,ADDA,62,20554,492013,zz Alternate,zz,Turtle Tantrum Dart Club,D,312,dcid,placeholder,"shared DC alternate account, not a person"
1830,ADDA,62,20554,415483,Jason,Boley,UFO's,D,196,dcid,resolved,
2078,ADDA,62,20554,512364,Wes,Cain,UFO's,D,196,dcid,resolved,
1831,ADDA,62,20554,415482,Ben,Clayton,UFO's,D,196,dcid,resolved,
1832,ADDA,62,20554,415481,Lindsey,Dowell,UFO's,D,196,dcid,resolved,
876,ADDA,62,20554,415430,Michael,Dryden,UFO's,D,196,dcid,resolved,
1251,ADDA,62,20554,415484,Jeff,Gordon,UFO's,D,196,dcid,resolved,
1475,ADDA,62,20554,415476,Mike,Gover,UFO's,D,196,dcid,resolved,
1403,ADDA,62,20554,415480,Scott,Jones,UFO's,D,196,dcid,resolved,
910,ADDA,62,20554,415479,Kevin,Leipow,UFO's,D,196,dcid,resolved,
861,ADDA,62,20554,415478,Doug,Lueder,UFO's,D,196,dcid,resolved,
860,ADDA,62,20554,415477,Moran,Vered,UFO's,D,196,dcid,resolved,
3196,ADDA,62,20554,416574,zz Alternate,zz,UFO's,D,196,dcid,placeholder,"shared DC alternate account, not a person"
2034,ADDA,63,22819,472303,Austin,Campagnolo,Darty Rotten Scoundrels,A,99,dcid,resolved,
2112,ADDA,63,22819,532557,Broc,Everett,Darty Rotten Scoundrels,A,99,dcid,resolved,
696,ADDA,63,22819,416129,Jamila,Hankins,Darty Rotten Scoundrels,A,99,dcid,resolved,
799,ADDA,63,22819,421935,Binz ,Hansen,Darty Rotten Scoundrels,A,99,dcid,resolved,
2012,ADDA,63,22819,450188,Ryan ,Hansen,Darty Rotten Scoundrels,A,99,dcid,resolved,
1345,ADDA,63,22819,416128,Tyler,Mabry,Darty Rotten Scoundrels,A,99,dcid,resolved,
1266,ADDA,63,22819,201001,Patrick,McCoy,Darty Rotten Scoundrels,A,99,dcid,resolved,
3099,ADDA,63,22819,416586,zz Alternate,zz,Darty Rotten Scoundrels,A,99,dcid,placeholder,"shared DC alternate account, not a person"
2,ADDA,63,22819,204711,Neil,Bronstein,Menace II Sobriety,A,243,dcid,resolved,
891,ADDA,63,22819,529770,Tony,Crane,Menace II Sobriety,A,243,dcid,resolved,
429,ADDA,63,22819,415417,Mike,Gentry,Menace II Sobriety,A,243,dcid,resolved,
8,ADDA,63,22819,200990,Gus,Glaw,Menace II Sobriety,A,243,dcid,resolved,
499,ADDA,63,22819,205023,Brian,Lane,Menace II Sobriety,A,243,dcid,resolved,
1022,ADDA,63,22819,204714,Jamie ,Lane,Menace II Sobriety,A,243,dcid,resolved,
4,ADDA,63,22819,200991,Wade,Moricle,Menace II Sobriety,A,243,dcid,resolved,
6,ADDA,63,22819,204710,Rob,Sten,Menace II Sobriety,A,243,dcid,resolved,
1,ADDA,63,22819,204708,Justin ,Stewart,Menace II Sobriety,A,243,dcid,resolved,
3243,ADDA,63,22819,416590,zz Alternate,zz,Menace II Sobriety,A,243,dcid,placeholder,"shared DC alternate account, not a person"
829,ADDA,63,22819,204715,Phillip,Appiah,Paul Dart Mall Cop,A,241,dcid,resolved,
1138,ADDA,63,22819,415463,Robert,Graham,Paul Dart Mall Cop,A,241,dcid,resolved,
1137,ADDA,63,22819,415459,Ben,McGlamery,Paul Dart Mall Cop,A,241,dcid,resolved,
1235,ADDA,63,22819,415461,Matt,McGlamery,Paul Dart Mall Cop,A,241,dcid,resolved,
1454,ADDA,63,22819,415462,Andrew,McIntosh,Paul Dart Mall Cop,A,241,dcid,resolved,
1479,ADDA,63,22819,415460,Caleb,Weir,Paul Dart Mall Cop,A,241,dcid,resolved,
1463,ADDA,63,22819,415464,Gavin,Williams,Paul Dart Mall Cop,A,241,dcid,resolved,
3241,ADDA,63,22819,416585,zz Alternate,zz,Paul Dart Mall Cop,A,241,dcid,placeholder,"shared DC alternate account, not a person"
1385,ADDA,63,22819,201010,Nick,DeMarco,Projectile Dysfunction,A,177,dcid,resolved,
1773,ADDA,63,22819,416109,Brendan,Elizondo,Projectile Dysfunction,A,177,dcid,resolved,
1386,ADDA,63,22819,416107,Ryan,Murphy,Projectile Dysfunction,A,177,dcid,resolved,
1804,ADDA,63,22819,416108,Jaron,Neal,Projectile Dysfunction,A,177,dcid,resolved,
1431,ADDA,63,22819,416110,Antonio,Pfleegor,Projectile Dysfunction,A,177,dcid,resolved,
1388,ADDA,63,22819,416111,Bruce,Thomas,Projectile Dysfunction,A,177,dcid,resolved,
3177,ADDA,63,22819,416573,zz Alternate,zz,Projectile Dysfunction,A,177,dcid,placeholder,"shared DC alternate account, not a person"
1769,ADDA,63,22819,415450,Conner,Allred,The Drunken Phoenix,A,240,dcid,resolved,
1128,ADDA,63,22819,201003,Frank,Cassino,The Drunken Phoenix,A,240,dcid,resolved,
935,ADDA,63,22819,415449,Tom,Gramling,The Drunken Phoenix,A,240,dcid,resolved,
1130,ADDA,63,22819,415448,Bryan,Hieserman,The Drunken Phoenix,A,240,dcid,resolved,
1129,ADDA,63,22819,436135,Don,Hodack,The Drunken Phoenix,A,240,dcid,resolved,
1133,ADDA,63,22819,415452,Stephen,Pritchett,The Drunken Phoenix,A,240,dcid,resolved,
1131,ADDA,63,22819,415451,Scott,Robinson,The Drunken Phoenix,A,240,dcid,resolved,
1135,ADDA,63,22819,415453,Darrin,Tigue,The Drunken Phoenix,A,240,dcid,resolved,
3240,ADDA,63,22819,416584,zz Alternate,zz,The Drunken Phoenix,A,240,dcid,placeholder,"shared DC alternate account, not a person"
1053,ADDA,63,22819,200993,Shayne,Adams,We're Sexy and We Throw It,A,228,dcid,resolved,
720,ADDA,63,22819,200998,Gareth,Buckley,We're Sexy and We Throw It,A,228,dcid,resolved,
1097,ADDA,63,22819,200986,Jacob,Gauthier,We're Sexy and We Throw It,A,228,dcid,resolved,
1036,ADDA,63,22819,200995,Andy,McClatchey,We're Sexy and We Throw It,A,228,dcid,resolved,
1039,ADDA,63,22819,200996,William,Vance,We're Sexy and We Throw It,A,228,dcid,resolved,
1216,ADDA,63,22819,200994,Dustin,Weaver,We're Sexy and We Throw It,A,228,dcid,resolved,
3228,ADDA,63,22819,416587,zz Alternate,zz,We're Sexy and We Throw It,A,228,dcid,placeholder,"shared DC alternate account, not a person"
1416,ADDA,63,22819,415456,Matt,Bailey,Darty Birds,B,275,dcid,resolved,
1417,ADDA,63,22819,415457,Dave,Benkeser,Darty Birds,B,275,dcid,resolved,
1414,ADDA,63,22819,201008,David,Hooten,Darty Birds,B,275,dcid,resolved,
1415,ADDA,63,22819,415455,Max,Leonard,Darty Birds,B,275,dcid,resolved,
1439,ADDA,63,22819,415458,Andrew,Mistretta,Darty Birds,B,275,dcid,resolved,
3275,ADDA,63,22819,416581,zz Alternate,zz,Darty Birds,B,275,dcid,placeholder,"shared DC alternate account, not a person"
2094,ADDA,63,22819,529130,Carlos,Burrell,DILLIGAF,B,319,dcid,resolved,
2096,ADDA,63,22819,529132,Robert,Cook,DILLIGAF,B,319,dcid,resolved,
2093,ADDA,63,22819,529129,Nicole,Corona,DILLIGAF,B,319,dcid,resolved,
1839,ADDA,63,22819,416124,Patrick,Gallagher,DILLIGAF,B,319,dcid,resolved,
2066,ADDA,63,22819,491972,Jake,Godwin,DILLIGAF,B,319,dcid,resolved,
2095,ADDA,63,22819,529131,Gabriel,Holcomb,DILLIGAF,B,319,dcid,resolved,
2097,ADDA,63,22819,529133,Clyde,Lee,DILLIGAF,B,319,dcid,resolved,
2027,ADDA,63,22819,438734,Bryan,Williamson,DILLIGAF,B,319,dcid,resolved,
3319,ADDA,63,22819,529134,zz Alternate,zz,DILLIGAF,B,319,dcid,placeholder,"shared DC alternate account, not a person"
1855,ADDA,63,22819,416123,Duncan,Albert,Dirty Darters,B,289,dcid,resolved,
1842,ADDA,63,22819,416715,Connor,Bernhard,Dirty Darters,B,289,dcid,resolved,
2065,ADDA,63,22819,491971,Ryan,Cannin,Dirty Darters,B,289,dcid,resolved,
1860,ADDA,63,22819,416714,Ted,Eader,Dirty Darters,B,289,dcid,resolved,
1854,ADDA,63,22819,416122,Eric,Goodrich,Dirty Darters,B,289,dcid,resolved,
1859,ADDA,63,22819,416713,Rodney,Mosteller,Dirty Darters,B,289,dcid,resolved,
1857,ADDA,63,22819,416711,Daniel,Wartner,Dirty Darters,B,289,dcid,resolved,
3289,ADDA,63,22819,416575,zz Alternate,zz,Dirty Darters,B,289,dcid,placeholder,"shared DC alternate account, not a person"
1329,ADDA,63,22819,448116,Nickie  ,Adams,Dissa Pointers,B,302,dcid,resolved,
2003,ADDA,63,22819,448119,Sam,Barksdale,Dissa Pointers,B,302,dcid,resolved,
2010,ADDA,63,22819,448118,Steven,Feki,Dissa Pointers,B,302,dcid,resolved,
1244,ADDA,63,22819,448117,James,Hutchins,Dissa Pointers,B,302,dcid,resolved,
1294,ADDA,63,22819,448404,Nick,Lemmond,Dissa Pointers,B,302,dcid,resolved,
3302,ADDA,63,22819,473887,zz Alternate,zz,Dissa Pointers,B,302,dcid,placeholder,"shared DC alternate account, not a person"
932,ADDA,63,22819,421936,Bryan,Blase,Finer Points,B,316,dcid,resolved,
2079,ADDA,63,22819,513355,Curt,Bonnem,Finer Points,B,316,dcid,resolved,
2098,ADDA,63,22819,529135,Brendan,Connolly,Finer Points,B,316,dcid,resolved,
1801,ADDA,63,22819,488145,Jason,Egli,Finer Points,B,316,dcid,resolved,
2085,ADDA,63,22819,514091,James,Fusco,Finer Points,B,316,dcid,resolved,
1410,ADDA,63,22819,416071,Rede,Hankinson,Finer Points,B,316,dcid,resolved,
2059,ADDA,63,22819,488152,Austin,Pender,Finer Points,B,316,dcid,resolved,
3316,ADDA,63,22819,514356,zz Alternate,zz,Finer Points,B,316,dcid,placeholder,"shared DC alternate account, not a person"
428,ADDA,63,22819,415473,Sabah,Ahmad,Yacht Dawgs,B,2,dcid,resolved,
680,ADDA,63,22819,204717,Jeff,Bekiares,Yacht Dawgs,B,2,dcid,resolved,
14,ADDA,63,22819,421832,Steve,Blackburn,Yacht Dawgs,B,2,dcid,resolved,
169,ADDA,63,22819,415470,Krisna,Gendo,Yacht Dawgs,B,2,dcid,resolved,
1799,ADDA,63,22819,509616,Kevin,Riordan,Yacht Dawgs,B,2,dcid,resolved,
33,ADDA,63,22819,200987,Frank,Schultz,Yacht Dawgs,B,2,dcid,resolved,
3002,ADDA,63,22819,417985,zz Alternate,zz,Yacht Dawgs,B,2,dcid,placeholder,"shared DC alternate account, not a person"
1866,ADDA,63,22819,416116,Lauren,Alvarez,Gatitos de la Muerte,C,190,dcid,resolved,
2113,ADDA,63,22819,533626,Mark,Birkbeck,Gatitos de la Muerte,C,190,dcid,resolved,
1081,ADDA,63,22819,416114,Jumpy,Burns,Gatitos de la Muerte,C,190,dcid,resolved,
1143,ADDA,63,22819,416117,Matt,Cartin,Gatitos de la Muerte,C,190,dcid,resolved,
1109,ADDA,63,22819,431514,Amber,Gallagher,Gatitos de la Muerte,C,190,dcid,resolved,
1111,ADDA,63,22819,416112,Paul,Granade,Gatitos de la Muerte,C,190,dcid,resolved,
1108,ADDA,63,22819,201004,Bretton,McIlrath,Gatitos de la Muerte,C,190,dcid,resolved,
1260,ADDA,63,22819,201009,Brian,Newsome,Gatitos de la Muerte,C,190,dcid,resolved,
1766,ADDA,63,22819,512418,Stephanie,Newsome,Gatitos de la Muerte,C,190,dcid,resolved,
1228,ADDA,63,22819,416115,James,Steadham,Gatitos de la Muerte,C,190,dcid,resolved,
3190,ADDA,63,22819,416493,zz Alternate,zz,Gatitos de la Muerte,C,190,dcid,placeholder,"shared DC alternate account, not a person"
1011,ADDA,63,22819,415432,Charlie,Cates,Hug a Doug,C,48,dcid,resolved,
1170,ADDA,63,22819,415434,Sean,Chance,Hug a Doug,C,48,dcid,resolved,
382,ADDA,63,22819,415431,Emory,Cullen,Hug a Doug,C,48,dcid,resolved,
1214,ADDA,63,22819,415436,Todd,Gandee,Hug a Doug,C,48,dcid,resolved,
519,ADDA,63,22819,415433,Chris,Jones,Hug a Doug,C,48,dcid,resolved,
1033,ADDA,63,22819,415435,Doug,Sprinkle,Hug a Doug,C,48,dcid,resolved,
3048,ADDA,63,22819,416577,zz Alternate,zz,Hug a Doug,C,48,dcid,placeholder,"shared DC alternate account, not a person"
2006,ADDA,63,22819,450066,Grant,Brantley,MBT20,C,282,dcid,resolved,
619,ADDA,63,22819,428319,Mike,Fitzgibbon,MBT20,C,282,dcid,resolved,
1002,ADDA,63,22819,415443,Heather,Koth,MBT20,C,282,dcid,resolved,
1460,ADDA,63,22819,415442,Josh,McLaurin,MBT20,C,282,dcid,resolved,
297,ADDA,63,22819,415418,Matty,Ryan,MBT20,C,282,dcid,resolved,
1322,ADDA,63,22819,415441,Robert,Sills,MBT20,C,282,dcid,resolved,
1007,ADDA,63,22819,415444,Laura,Steul,MBT20,C,282,dcid,resolved,
1826,ADDA,63,22819,415445,Michael,Walsh,MBT20,C,282,dcid,resolved,
3282,ADDA,63,22819,416576,zz Alternate,zz,MBT20,C,282,dcid,placeholder,"shared DC alternate account, not a person"
2039,ADDA,63,22819,482244,Ryan,Blumberg,Throwing Shade,C,310,dcid,resolved,
2042,ADDA,63,22819,482247,Willem,Derks,Throwing Shade,C,310,dcid,resolved,
2043,ADDA,63,22819,482248,Don,Hamp,Throwing Shade,C,310,dcid,resolved,
2038,ADDA,63,22819,482243,Doug,Jones,Throwing Shade,C,310,dcid,resolved,
2041,ADDA,63,22819,482246,Jan,Jones,Throwing Shade,C,310,dcid,resolved,
2040,ADDA,63,22819,482245,Joe,Prestigiacomo,Throwing Shade,C,310,dcid,resolved,
3310,ADDA,63,22819,496967,zz Alternate,zz,Throwing Shade,C,310,dcid,placeholder,"shared DC alternate account, not a person"
1830,ADDA,63,22819,415483,Jason,Boley,UFO's,C,196,dcid,resolved,
1831,ADDA,63,22819,415482,Ben,Clayton,UFO's,C,196,dcid,resolved,
1832,ADDA,63,22819,415481,Lindsey,Dowell,UFO's,C,196,dcid,resolved,
876,ADDA,63,22819,415430,Michael,Dryden,UFO's,C,196,dcid,resolved,
1251,ADDA,63,22819,415484,Jeff,Gordon,UFO's,C,196,dcid,resolved,
1475,ADDA,63,22819,415476,Mike,Gover,UFO's,C,196,dcid,resolved,
1403,ADDA,63,22819,415480,Scott,Jones,UFO's,C,196,dcid,resolved,
910,ADDA,63,22819,415479,Kevin,Leipow,UFO's,C,196,dcid,resolved,
861,ADDA,63,22819,415478,Doug,Lueder,UFO's,C,196,dcid,resolved,
860,ADDA,63,22819,415477,Moran,Vered,UFO's,C,196,dcid,resolved,
3196,ADDA,63,22819,416574,zz Alternate,zz,UFO's,C,196,dcid,placeholder,"shared DC alternate account, not a person"
2069,ADDA,63,22819,497670,Pierce,Bauer,USS Big Hard,C,266,dcid,resolved,
1867,ADDA,63,22819,418154,Spencer,Bauer,USS Big Hard,C,266,dcid,resolved,
1397,ADDA,63,22819,416076,Doug,Holloway,USS Big Hard,C,266,dcid,resolved,
1770,ADDA,63,22819,416081,Josh,Hunsberger,USS Big Hard,C,266,dcid,resolved,
1396,ADDA,63,22819,416079,Hayley,McNutt,USS Big Hard,C,266,dcid,resolved,
1754,ADDA,63,22819,416078,Katt,Miteff,USS Big Hard,C,266,dcid,resolved,
1868,ADDA,63,22819,418155,Cameron,Pennington,USS Big Hard,C,266,dcid,resolved,
1863,ADDA,63,22819,416080,Ben,Rolader,USS Big Hard,C,266,dcid,resolved,
1445,ADDA,63,22819,416077,Greg,Shaw,USS Big Hard,C,266,dcid,resolved,
2017,ADDA,63,22819,451498,Spencer ,Strobel,USS Big Hard,C,266,dcid,resolved,
3266,ADDA,63,22819,416572,zz Alternate,zz,USS Big Hard,C,266,dcid,placeholder,"shared DC alternate account, not a person"
2036,ADDA,63,22819,482240,Sophie,Atkinson,Armed and Hammered,D,301,dcid,resolved,
2007,ADDA,63,22819,448402,Stephanie,Buehler,Armed and Hammered,D,301,dcid,resolved,
2008,ADDA,63,22819,448403,Lindsey,Cyr,Armed and Hammered,D,301,dcid,resolved,
2067,ADDA,63,22819,492652,Dylan,D'Angelo,Armed and Hammered,D,301,dcid,resolved,
669,ADDA,63,22819,448093,Chad,Haase,Armed and Hammered,D,301,dcid,resolved,
917,ADDA,63,22819,448391,Wendy,Lambert,Armed and Hammered,D,301,dcid,resolved,
2037,ADDA,63,22819,482241,Ethan,Thurmond,Armed and Hammered,D,301,dcid,resolved,
1071,ADDA,63,22819,448397,Clinton,Watkins,Armed and Hammered,D,301,dcid,resolved,
3301,ADDA,63,22819,454668,zz Alternate,zz,Armed and Hammered,D,301,dcid,placeholder,"shared DC alternate account, not a person"
1175,ADDA,63,22819,201006,Brent,Harris,Castleberry Hill Dart Club,D,246,dcid,resolved,
433,ADDA,63,22819,415428,Sara,Haskew,Castleberry Hill Dart Club,D,246,dcid,resolved,
1448,ADDA,63,22819,415427,Amelia,Hill,Castleberry Hill Dart Club,D,246,dcid,resolved,
2013,ADDA,63,22819,447825,Aneal,Khimani,Castleberry Hill Dart Club,D,246,dcid,resolved,
1805,ADDA,63,22819,415426,Merrick,Royball,Castleberry Hill Dart Club,D,246,dcid,resolved,
3246,ADDA,63,22819,416492,zz Alternate,zz,Castleberry Hill Dart Club,D,246,dcid,placeholder,"shared DC alternate account, not a person"
1437,ADDA,63,22819,415982,Myles,Andre,Dart Bags,D,277,dcid,resolved,
1435,ADDA,63,22819,415985,Derrick,Blackman,Dart Bags,D,277,dcid,resolved,
1797,ADDA,63,22819,415984,Artie,Nicholaus,Dart Bags,D,277,dcid,resolved,
1755,ADDA,63,22819,415986,Dave,Reis,Dart Bags,D,277,dcid,resolved,
1164,ADDA,63,22819,201011,Ryan,Reynolds,Dart Bags,D,277,dcid,resolved,
1436,ADDA,63,22819,415983,Ryan,Schumacher,Dart Bags,D,277,dcid,resolved,
3277,ADDA,63,22819,416579,zz Alternate,zz,Dart Bags,D,277,dcid,placeholder,"shared DC alternate account, not a person"
2052,ADDA,63,22819,485999,Megan,Alexander,Napoleon BonaDarte,D,311,dcid,resolved,
2046,ADDA,63,22819,482415,Jacob,Berry,Napoleon BonaDarte,D,311,dcid,resolved,
2045,ADDA,63,22819,482414,Joe,Guardino,Napoleon BonaDarte,D,311,dcid,resolved,
2047,ADDA,63,22819,482416,Dylan,Guggenheim,Napoleon BonaDarte,D,311,dcid,resolved,
2044,ADDA,63,22819,482413,Travis,Pulliam,Napoleon BonaDarte,D,311,dcid,resolved,
2053,ADDA,63,22819,486000,Eric,Zeck,Napoleon BonaDarte,D,311,dcid,resolved,
3311,ADDA,63,22819,496950,zz Alternate,zz,Napoleon BonaDarte,D,311,dcid,placeholder,"shared DC alternate account, not a person"
1045,ADDA,63,22819,200997,Sam,Farmer,Needledicks,D,245,dcid,resolved,
2033,ADDA,63,22819,472495,Ali,Horton,Needledicks,D,245,dcid,resolved,
1042,ADDA,63,22819,416135,Jimmy,Horton,Needledicks,D,245,dcid,resolved,
1226,ADDA,63,22819,416121,Tom,Kerekes,Needledicks,D,245,dcid,resolved,
1162,ADDA,63,22819,416131,Jake,Star,Needledicks,D,245,dcid,resolved,
1478,ADDA,63,22819,416134,Craig,Tanguay,Needledicks,D,245,dcid,resolved,
3245,ADDA,63,22819,416578,zz Alternate,zz,Needledicks,D,245,dcid,placeholder,"shared DC alternate account, not a person"
2062,ADDA,63,22819,492008,Faughn,Adams,Turtle Tantrum Dart Club,D,312,dcid,resolved,
2063,ADDA,63,22819,492010,TJ,Carlton,Turtle Tantrum Dart Club,D,312,dcid,resolved,
2058,ADDA,63,22819,488151,Mike,McClellan,Turtle Tantrum Dart Club,D,312,dcid,resolved,
1471,ADDA,63,22819,416127,Charlene,Sotolongo,Turtle Tantrum Dart Club,D,312,dcid,resolved,
1470,ADDA,63,22819,416126,Tim,Truman,Turtle Tantrum Dart Club,D,312,dcid,resolved,
3312,ADDA,63,22819,492013,zz Alternate,zz,Turtle Tantrum Dart Club,D,312,dcid,placeholder,"shared DC alternate account, not a person"
1771,ADDA,63,22819,415467,Paul,Cloutier,Dart Attacks,E,209,dcid,resolved,
1456,ADDA,63,22819,415465,Ryan,Evans,Dart Attacks,E,209,dcid,resolved,
1780,ADDA,63,22819,415468,Thomas,Forbes,Dart Attacks,E,209,dcid,resolved,
943,ADDA,63,22819,201012,Bill,Griffin,Dart Attacks,E,209,dcid,resolved,
2092,ADDA,63,22819,522851,Mike,Lind,Dart Attacks,E,209,dcid,resolved,
1455,ADDA,63,22819,415466,Leanna,London,Dart Attacks,E,209,dcid,resolved,
1838,ADDA,63,22819,415469,Reaghan,Smith,Dart Attacks,E,209,dcid,resolved,
3209,ADDA,63,22819,416571,zz Alternate,zz,Dart Attacks,E,209,dcid,placeholder,"shared DC alternate account, not a person"
2111,ADDA,63,22819,531189,Chris,Dryja,Dartsiders,E,322,dcid,resolved,
2108,ADDA,63,22819,529745,Chrissy,McNamara,Dartsiders,E,322,dcid,resolved,
2107,ADDA,63,22819,529744,Jonathan,Miller,Dartsiders,E,322,dcid,resolved,
2106,ADDA,63,22819,529743,Paula,Poteet Storey,Dartsiders,E,322,dcid,resolved,
2101,ADDA,63,22819,529742,Ant,Storey,Dartsiders,E,322,dcid,resolved,
3322,ADDA,63,22819,531190,zz Alternate,zz,Dartsiders,E,322,dcid,placeholder,"shared DC alternate account, not a person"
2099,ADDA,63,22819,529741,Wes,Deweese,Old Darty Bastards,E,321,dcid,resolved,
2103,ADDA,63,22819,529739,Chris,Hardin,Old Darty Bastards,E,321,dcid,resolved,
2109,ADDA,63,22819,529740,Shawn,Pasley,Old Darty Bastards,E,321,dcid,resolved,
532,ADDA,63,22819,200989,Nick,Waldorf,Old Darty Bastards,E,321,dcid,resolved,
3321,ADDA,63,22819,531217,zz Alternate,zz,Old Darty Bastards,E,321,dcid,placeholder,"shared DC alternate account, not a person"
2088,ADDA,63,22819,516581,Rebecca,Early,Plan B,E,314,dcid,resolved,
2076,ADDA,63,22819,508099,Bill,Jones,Plan B,E,314,dcid,resolved,
2072,ADDA,63,22819,508095,Janine,Kupersmith,Plan B,E,314,dcid,resolved,
2024,ADDA,63,22819,529643,Dave,Lea,Plan B,E,314,dcid,resolved,
2075,ADDA,63,22819,508098,Patricia,Liscio,Plan B,E,314,dcid,resolved,
2083,ADDA,63,22819,534234,Amariah,Love,Plan B,E,314,dcid,resolved,
2073,ADDA,63,22819,508096,Novarah,Mattiaccio,Plan B,E,314,dcid,resolved,
1764,ADDA,63,22819,482417,Julie,Moricle,Plan B,E,314,dcid,resolved,
2089,ADDA,63,22819,516582,Jennie,Myers,Plan B,E,314,dcid,resolved,
3314,ADDA,63,22819,515255,zz Alternate,zz,Plan B,E,314,dcid,placeholder,"shared DC alternate account, not a person"
2104,ADDA,63,22819,529647,Andy,Baptiste,Who Darted?,E,320,dcid,resolved,
2102,ADDA,63,22819,529645,Brittany,Baro,Who Darted?,E,320,dcid,resolved,
2077,ADDA,63,22819,507777,Mitch,Carlson,Who Darted?,E,320,dcid,resolved,
2100,ADDA,63,22819,529644,Remington,Hasty,Who Darted?,E,320,dcid,resolved,
2105,ADDA,63,22819,529646,Carlos,Moreno,Who Darted?,E,320,dcid,resolved,
2115,ADDA,63,22819,535809,Anthia,Sublett,Who Darted?,E,320,dcid,resolved,
2110,ADDA,63,22819,530309,Magda,Van De Vyver,Who Darted?,E,320,dcid,resolved,
3320,ADDA,63,22819,531218,zz Alternate,zz,Who Darted?,E,320,dcid,placeholder,"shared DC alternate account, not a person"
2034,ADDA,64,24577,472303,Austin,Campagnolo,Darty Rotten Scoundrels,A,99,dcid,resolved,
2112,ADDA,64,24577,532557,Broc,Everett,Darty Rotten Scoundrels,A,99,dcid,resolved,
696,ADDA,64,24577,416129,Jamila,Hankins,Darty Rotten Scoundrels,A,99,dcid,resolved,
799,ADDA,64,24577,421935,Binz ,Hansen,Darty Rotten Scoundrels,A,99,dcid,resolved,
2012,ADDA,64,24577,450188,Ryan ,Hansen,Darty Rotten Scoundrels,A,99,dcid,resolved,
2123,ADDA,64,24577,16604830,Cary,Locke,Darty Rotten Scoundrels,A,99,dcid,resolved,
1345,ADDA,64,24577,416128,Tyler,Mabry,Darty Rotten Scoundrels,A,99,dcid,resolved,
1266,ADDA,64,24577,201001,Patrick,McCoy,Darty Rotten Scoundrels,A,99,dcid,resolved,
3099,ADDA,64,24577,416586,zz Alternate,zz,Darty Rotten Scoundrels,A,99,dcid,placeholder,"shared DC alternate account, not a person"
2079,ADDA,64,24577,513355,Curt,Bonnem,Finer Points,A,316,dcid,resolved,
2098,ADDA,64,24577,529135,Brendan,Connolly,Finer Points,A,316,dcid,resolved,
1801,ADDA,64,24577,488145,Jason,Egli,Finer Points,A,316,dcid,resolved,
2085,ADDA,64,24577,514091,James,Fusco,Finer Points,A,316,dcid,resolved,
1839,ADDA,64,24577,416124,Patrick,Gallagher,Finer Points,A,316,dcid,resolved,
429,ADDA,64,24577,415417,Mike,Gentry,Finer Points,A,316,dcid,resolved,
1410,ADDA,64,24577,416071,Rede,Hankinson,Finer Points,A,316,dcid,resolved,
3316,ADDA,64,24577,514356,zz Alternate,zz,Finer Points,A,316,dcid,placeholder,"shared DC alternate account, not a person"
2,ADDA,64,24577,204711,Neil,Bronstein,Menace II Sobriety,A,243,dcid,resolved,
8,ADDA,64,24577,200990,Gus,Glaw,Menace II Sobriety,A,243,dcid,resolved,
173,ADDA,64,24577,204709,Tom,Hidock,Menace II Sobriety,A,243,dcid,resolved,
499,ADDA,64,24577,205023,Brian,Lane,Menace II Sobriety,A,243,dcid,resolved,
1022,ADDA,64,24577,204714,Jamie ,Lane,Menace II Sobriety,A,243,dcid,resolved,
4,ADDA,64,24577,200991,Wade,Moricle,Menace II Sobriety,A,243,dcid,resolved,
2015,ADDA,64,24577,446825,Joe ,Ryan,Menace II Sobriety,A,243,dcid,resolved,
3243,ADDA,64,24577,416590,zz Alternate,zz,Menace II Sobriety,A,243,dcid,placeholder,"shared DC alternate account, not a person"
829,ADDA,64,24577,204715,Phillip,Appiah,Paul Dart Mall Cop,A,241,dcid,resolved,
1138,ADDA,64,24577,415463,Robert,Graham,Paul Dart Mall Cop,A,241,dcid,resolved,
1137,ADDA,64,24577,415459,Ben,McGlamery,Paul Dart Mall Cop,A,241,dcid,resolved,
1235,ADDA,64,24577,415461,Matt,McGlamery,Paul Dart Mall Cop,A,241,dcid,resolved,
1454,ADDA,64,24577,415462,Andrew,McIntosh,Paul Dart Mall Cop,A,241,dcid,resolved,
1479,ADDA,64,24577,415460,Caleb,Weir,Paul Dart Mall Cop,A,241,dcid,resolved,
1463,ADDA,64,24577,415464,Gavin,Williams,Paul Dart Mall Cop,A,241,dcid,resolved,
3241,ADDA,64,24577,416585,zz Alternate,zz,Paul Dart Mall Cop,A,241,dcid,placeholder,"shared DC alternate account, not a person"
1769,ADDA,64,24577,415450,Conner,Allred,The Drunken Phoenix,A,240,dcid,resolved,
1128,ADDA,64,24577,201003,Frank,Cassino,The Drunken Phoenix,A,240,dcid,resolved,
935,ADDA,64,24577,415449,Tom,Gramling,The Drunken Phoenix,A,240,dcid,resolved,
1130,ADDA,64,24577,415448,Bryan,Hieserman,The Drunken Phoenix,A,240,dcid,resolved,
1129,ADDA,64,24577,436135,Don,Hodack,The Drunken Phoenix,A,240,dcid,resolved,
1133,ADDA,64,24577,415452,Stephen,Pritchett,The Drunken Phoenix,A,240,dcid,resolved,
1131,ADDA,64,24577,415451,Scott,Robinson,The Drunken Phoenix,A,240,dcid,resolved,
1135,ADDA,64,24577,415453,Darrin,Tigue,The Drunken Phoenix,A,240,dcid,resolved,
3240,ADDA,64,24577,416584,zz Alternate,zz,The Drunken Phoenix,A,240,dcid,placeholder,"shared DC alternate account, not a person"
1053,ADDA,64,24577,200993,Shayne,Adams,We're Sexy and We Throw It,A,228,dcid,resolved,
720,ADDA,64,24577,200998,Gareth,Buckley,We're Sexy and We Throw It,A,228,dcid,resolved,
1097,ADDA,64,24577,200986,Jacob,Gauthier,We're Sexy and We Throw It,A,228,dcid,resolved,
1036,ADDA,64,24577,200995,Andy,McClatchey,We're Sexy and We Throw It,A,228,dcid,resolved,
1039,ADDA,64,24577,200996,William,Vance,We're Sexy and We Throw It,A,228,dcid,resolved,
1216,ADDA,64,24577,200994,Dustin,Weaver,We're Sexy and We Throw It,A,228,dcid,resolved,
3228,ADDA,64,24577,416587,zz Alternate,zz,We're Sexy and We Throw It,A,228,dcid,placeholder,"shared DC alternate account, not a person"
1329,ADDA,64,24577,448116,Nickie  ,Adams,'Bout to Bust,B,302,dcid,resolved,
2003,ADDA,64,24577,448119,Sam,Barksdale,'Bout to Bust,B,302,dcid,resolved,
2010,ADDA,64,24577,448118,Steven,Feki,'Bout to Bust,B,302,dcid,resolved,
1244,ADDA,64,24577,448117,James,Hutchins,'Bout to Bust,B,302,dcid,resolved,
1294,ADDA,64,24577,448404,Nick,Lemmond,'Bout to Bust,B,302,dcid,resolved,
3302,ADDA,64,24577,473887,zz Alternate,zz,'Bout to Bust,B,302,dcid,placeholder,"shared DC alternate account, not a person"
1416,ADDA,64,24577,415456,Matt,Bailey,Darty Birds,B,275,dcid,resolved,
1417,ADDA,64,24577,415457,Dave,Benkeser,Darty Birds,B,275,dcid,resolved,
1414,ADDA,64,24577,201008,David,Hooten,Darty Birds,B,275,dcid,resolved,
1415,ADDA,64,24577,415455,Max,Leonard,Darty Birds,B,275,dcid,resolved,
1439,ADDA,64,24577,415458,Andrew,Mistretta,Darty Birds,B,275,dcid,resolved,
3275,ADDA,64,24577,416581,zz Alternate,zz,Darty Birds,B,275,dcid,placeholder,"shared DC alternate account, not a person"
1855,ADDA,64,24577,416123,Duncan,Albert,Dirty Darters,B,289,dcid,resolved,
1842,ADDA,64,24577,416715,Connor,Bernhard,Dirty Darters,B,289,dcid,resolved,
2065,ADDA,64,24577,491971,Ryan,Cannin,Dirty Darters,B,289,dcid,resolved,
1860,ADDA,64,24577,416714,Ted,Eader,Dirty Darters,B,289,dcid,resolved,
2124,ADDA,64,24577,16607186,Jahron,Menace,Dirty Darters,B,289,dcid,resolved,
1859,ADDA,64,24577,416713,Rodney,Mosteller,Dirty Darters,B,289,dcid,resolved,
297,ADDA,64,24577,415418,Matty,Ryan,Dirty Darters,B,289,dcid,resolved,
1857,ADDA,64,24577,416711,Daniel,Wartner,Dirty Darters,B,289,dcid,resolved,
2125,ADDA,64,24577,16607189,Jonathan,Zurawin,Dirty Darters,B,289,dcid,resolved,
3289,ADDA,64,24577,416575,zz Alternate,zz,Dirty Darters,B,289,dcid,placeholder,"shared DC alternate account, not a person"
1385,ADDA,64,24577,201010,Nick,DeMarco,Projectile Dysfunction,B,177,dcid,resolved,
1773,ADDA,64,24577,416109,Brendan,Elizondo,Projectile Dysfunction,B,177,dcid,resolved,
2126,ADDA,64,24577,16608244,Jordan,McClamroch,Projectile Dysfunction,B,177,dcid,resolved,
1386,ADDA,64,24577,416107,Ryan,Murphy,Projectile Dysfunction,B,177,dcid,resolved,
1804,ADDA,64,24577,416108,Jaron,Neal,Projectile Dysfunction,B,177,dcid,resolved,
1431,ADDA,64,24577,416110,Antonio,Pfleegor,Projectile Dysfunction,B,177,dcid,resolved,
2127,ADDA,64,24577,16608245,Andrew,Stine,Projectile Dysfunction,B,177,dcid,resolved,
1388,ADDA,64,24577,416111,Bruce,Thomas,Projectile Dysfunction,B,177,dcid,resolved,
3177,ADDA,64,24577,416573,zz Alternate,zz,Projectile Dysfunction,B,177,dcid,placeholder,"shared DC alternate account, not a person"
2039,ADDA,64,24577,482244,Ryan,Blumberg,Throwing Shade,B,310,dcid,resolved,
2042,ADDA,64,24577,482247,Willem,Derks,Throwing Shade,B,310,dcid,resolved,
2043,ADDA,64,24577,482248,Don,Hamp,Throwing Shade,B,310,dcid,resolved,
2038,ADDA,64,24577,482243,Doug,Jones,Throwing Shade,B,310,dcid,resolved,
2040,ADDA,64,24577,482245,Joe,Prestigiacomo,Throwing Shade,B,310,dcid,resolved,
3310,ADDA,64,24577,496967,zz Alternate,zz,Throwing Shade,B,310,dcid,placeholder,"shared DC alternate account, not a person"
428,ADDA,64,24577,415473,Sabah,Ahmad,Yacht Dawgs,B,2,dcid,resolved,
680,ADDA,64,24577,204717,Jeff,Bekiares,Yacht Dawgs,B,2,dcid,resolved,
14,ADDA,64,24577,421832,Steve,Blackburn,Yacht Dawgs,B,2,dcid,resolved,
169,ADDA,64,24577,415470,Krisna,Gendo,Yacht Dawgs,B,2,dcid,resolved,
1799,ADDA,64,24577,509616,Kevin,Riordan,Yacht Dawgs,B,2,dcid,resolved,
33,ADDA,64,24577,200987,Frank,Schultz,Yacht Dawgs,B,2,dcid,resolved,
3002,ADDA,64,24577,417985,zz Alternate,zz,Yacht Dawgs,B,2,dcid,placeholder,"shared DC alternate account, not a person"
1866,ADDA,64,24577,416116,Lauren,Alvarez,Gatitos de la Muerte,C,190,dcid,resolved,
2113,ADDA,64,24577,533626,Mark,Birkbeck,Gatitos de la Muerte,C,190,dcid,resolved,
1081,ADDA,64,24577,416114,Jumpy,Burns,Gatitos de la Muerte,C,190,dcid,resolved,
1143,ADDA,64,24577,416117,Matt,Cartin,Gatitos de la Muerte,C,190,dcid,resolved,
1109,ADDA,64,24577,431514,Amber,Gallagher,Gatitos de la Muerte,C,190,dcid,resolved,
1111,ADDA,64,24577,416112,Paul,Granade,Gatitos de la Muerte,C,190,dcid,resolved,
1108,ADDA,64,24577,201004,Bretton,McIlrath,Gatitos de la Muerte,C,190,dcid,resolved,
1260,ADDA,64,24577,201009,Brian,Newsome,Gatitos de la Muerte,C,190,dcid,resolved,
1766,ADDA,64,24577,512418,Stephanie,Newsome,Gatitos de la Muerte,C,190,dcid,resolved,
1228,ADDA,64,24577,416115,James,Steadham,Gatitos de la Muerte,C,190,dcid,resolved,
3190,ADDA,64,24577,416493,zz Alternate,zz,Gatitos de la Muerte,C,190,dcid,placeholder,"shared DC alternate account, not a person"
2006,ADDA,64,24577,450066,Grant,Brantley,MBT20,C,282,dcid,resolved,
1854,ADDA,64,24577,416122,Eric,Goodrich,MBT20,C,282,dcid,resolved,
1002,ADDA,64,24577,415443,Heather,Koth,MBT20,C,282,dcid,resolved,
1460,ADDA,64,24577,415442,Josh,McLaurin,MBT20,C,282,dcid,resolved,
1322,ADDA,64,24577,415441,Robert,Sills,MBT20,C,282,dcid,resolved,
1826,ADDA,64,24577,415445,Michael,Walsh,MBT20,C,282,dcid,resolved,
3282,ADDA,64,24577,416576,zz Alternate,zz,MBT20,C,282,dcid,placeholder,"shared DC alternate account, not a person"
2046,ADDA,64,24577,482415,Jacob,Berry,Napoleon BonaDarte,C,311,dcid,resolved,
2045,ADDA,64,24577,482414,Joe,Guardino,Napoleon BonaDarte,C,311,dcid,resolved,
2047,ADDA,64,24577,482416,Dylan,Guggenheim,Napoleon BonaDarte,C,311,dcid,resolved,
2013,ADDA,64,24577,447825,Aneal,Khimani,Napoleon BonaDarte,C,311,dcid,resolved,
2044,ADDA,64,24577,482413,Travis,Pulliam,Napoleon BonaDarte,C,311,dcid,resolved,
2053,ADDA,64,24577,486000,Eric,Zeck,Napoleon BonaDarte,C,311,dcid,resolved,
3311,ADDA,64,24577,496950,zz Alternate,zz,Napoleon BonaDarte,C,311,dcid,placeholder,"shared DC alternate account, not a person"
334,ADDA,64,24577,415425,Matt,Hall,Off in the Woods,C,47,dcid,resolved,
332,ADDA,64,24577,415422,Miro,Malesevic,Off in the Woods,C,47,dcid,resolved,
339,ADDA,64,24577,415420,Scott,Mitchell,Off in the Woods,C,47,dcid,resolved,
296,ADDA,64,24577,415421,Brian,Reber,Off in the Woods,C,47,dcid,resolved,
1805,ADDA,64,24577,415426,Merrick,Royball,Off in the Woods,C,47,dcid,resolved,
333,ADDA,64,24577,415423,Kristin,Thorsen,Off in the Woods,C,47,dcid,resolved,
590,ADDA,64,24577,415424,Matt,Weaver,Off in the Woods,C,47,dcid,resolved,
3047,ADDA,64,24577,416494,zz Alternate,zz,Off in the Woods,C,47,dcid,placeholder,"shared DC alternate account, not a person"
1830,ADDA,64,24577,415483,Jason,Boley,UFO's,C,196,dcid,resolved,
1831,ADDA,64,24577,415482,Ben,Clayton,UFO's,C,196,dcid,resolved,
1832,ADDA,64,24577,415481,Lindsey,Dowell,UFO's,C,196,dcid,resolved,
876,ADDA,64,24577,415430,Michael,Dryden,UFO's,C,196,dcid,resolved,
1251,ADDA,64,24577,415484,Jeff,Gordon,UFO's,C,196,dcid,resolved,
1475,ADDA,64,24577,415476,Mike,Gover,UFO's,C,196,dcid,resolved,
1403,ADDA,64,24577,415480,Scott,Jones,UFO's,C,196,dcid,resolved,
910,ADDA,64,24577,415479,Kevin,Leipow,UFO's,C,196,dcid,resolved,
860,ADDA,64,24577,415477,Moran,Vered,UFO's,C,196,dcid,resolved,
3196,ADDA,64,24577,416574,zz Alternate,zz,UFO's,C,196,dcid,placeholder,"shared DC alternate account, not a person"
2069,ADDA,64,24577,497670,Pierce,Bauer,USS Big Hard,C,266,dcid,resolved,
1867,ADDA,64,24577,418154,Spencer,Bauer,USS Big Hard,C,266,dcid,resolved,
1397,ADDA,64,24577,416076,Doug,Holloway,USS Big Hard,C,266,dcid,resolved,
1770,ADDA,64,24577,416081,Josh,Hunsberger,USS Big Hard,C,266,dcid,resolved,
1396,ADDA,64,24577,416079,Hayley,McNutt,USS Big Hard,C,266,dcid,resolved,
1754,ADDA,64,24577,416078,Katt,Miteff,USS Big Hard,C,266,dcid,resolved,
1868,ADDA,64,24577,418155,Cameron,Pennington,USS Big Hard,C,266,dcid,resolved,
1863,ADDA,64,24577,416080,Ben,Rolader,USS Big Hard,C,266,dcid,resolved,
1445,ADDA,64,24577,416077,Greg,Shaw,USS Big Hard,C,266,dcid,resolved,
2017,ADDA,64,24577,451498,Spencer ,Strobel,USS Big Hard,C,266,dcid,resolved,
3266,ADDA,64,24577,416572,zz Alternate,zz,USS Big Hard,C,266,dcid,placeholder,"shared DC alternate account, not a person"
2122,ADDA,64,24577,16604743,Steven,Elliott,Castleberry Hill Dart Club,D,246,dcid,resolved,
1175,ADDA,64,24577,201006,Brent,Harris,Castleberry Hill Dart Club,D,246,dcid,resolved,
433,ADDA,64,24577,415428,Sara,Haskew,Castleberry Hill Dart Club,D,246,dcid,resolved,
1448,ADDA,64,24577,415427,Amelia,Hill,Castleberry Hill Dart Club,D,246,dcid,resolved,
3246,ADDA,64,24577,416492,zz Alternate,zz,Castleberry Hill Dart Club,D,246,dcid,placeholder,"shared DC alternate account, not a person"
1437,ADDA,64,24577,415982,Myles,Andre,Dart Bags,D,277,dcid,resolved,
1435,ADDA,64,24577,415985,Derrick,Blackman,Dart Bags,D,277,dcid,resolved,
1797,ADDA,64,24577,415984,Artie,Nicholaus,Dart Bags,D,277,dcid,resolved,
1755,ADDA,64,24577,415986,Dave,Reis,Dart Bags,D,277,dcid,resolved,
1164,ADDA,64,24577,201011,Ryan,Reynolds,Dart Bags,D,277,dcid,resolved,
1436,ADDA,64,24577,415983,Ryan,Schumacher,Dart Bags,D,277,dcid,resolved,
3277,ADDA,64,24577,416579,zz Alternate,zz,Dart Bags,D,277,dcid,placeholder,"shared DC alternate account, not a person"
524,ADDA,64,24577,428322,John ,Collins,Flight Club,D,81,dcid,resolved,
619,ADDA,64,24577,428319,Mike,Fitzgibbon,Flight Club,D,81,dcid,resolved,
1759,ADDA,64,24577,428323,Brian,Fletcher,Flight Club,D,81,dcid,resolved,
1148,ADDA,64,24577,428321,John,Marty,Flight Club,D,81,dcid,resolved,
523,ADDA,64,24577,415454,David,Massey,Flight Club,D,81,dcid,resolved,
521,ADDA,64,24577,428318,Johnny,McConnell,Flight Club,D,81,dcid,resolved,
748,ADDA,64,24577,201002,Andy,Minkewicz,Flight Club,D,81,dcid,resolved,
526,ADDA,64,24577,428320,Trey,Smith,Flight Club,D,81,dcid,resolved,
525,ADDA,64,24577,428317,Tom,Williams,Flight Club,D,81,dcid,resolved,
3081,ADDA,64,24577,465238,zz Alternate,zz,Flight Club,D,81,dcid,placeholder,"shared DC alternate account, not a person"
1011,ADDA,64,24577,415432,Charlie,Cates,Hug a Doug,D,48,dcid,resolved,
1170,ADDA,64,24577,415434,Sean,Chance,Hug a Doug,D,48,dcid,resolved,
382,ADDA,64,24577,415431,Emory,Cullen,Hug a Doug,D,48,dcid,resolved,
1214,ADDA,64,24577,415436,Todd,Gandee,Hug a Doug,D,48,dcid,resolved,
519,ADDA,64,24577,415433,Chris,Jones,Hug a Doug,D,48,dcid,resolved,
1033,ADDA,64,24577,415435,Doug,Sprinkle,Hug a Doug,D,48,dcid,resolved,
3048,ADDA,64,24577,416577,zz Alternate,zz,Hug a Doug,D,48,dcid,placeholder,"shared DC alternate account, not a person"
1045,ADDA,64,24577,200997,Sam,Farmer,Needledicks,D,245,dcid,resolved,
2129,ADDA,64,24577,16611169,Nick,Gonzalez,Needledicks,D,245,dcid,resolved,
2033,ADDA,64,24577,472495,Ali,Horton,Needledicks,D,245,dcid,resolved,
1042,ADDA,64,24577,416135,Jimmy,Horton,Needledicks,D,245,dcid,resolved,
1226,ADDA,64,24577,416121,Tom,Kerekes,Needledicks,D,245,dcid,resolved,
1162,ADDA,64,24577,416131,Jake,Star,Needledicks,D,245,dcid,resolved,
1478,ADDA,64,24577,416134,Craig,Tanguay,Needledicks,D,245,dcid,resolved,
3245,ADDA,64,24577,416578,zz Alternate,zz,Needledicks,D,245,dcid,placeholder,"shared DC alternate account, not a person"
2128,ADDA,64,24577,16609365,Vick,Ehrmann,Old Darty Bastards,D,321,dcid,resolved,
2103,ADDA,64,24577,529739,Chris,Hardin,Old Darty Bastards,D,321,dcid,resolved,
2121,ADDA,64,24577,16604734,Tyler,Onstott,Old Darty Bastards,D,321,dcid,resolved,
2109,ADDA,64,24577,529740,Shawn,Pasley,Old Darty Bastards,D,321,dcid,resolved,
532,ADDA,64,24577,200989,Nick,Waldorf,Old Darty Bastards,D,321,dcid,resolved,
3321,ADDA,64,24577,531217,zz Alternate,zz,Old Darty Bastards,D,321,dcid,placeholder,"shared DC alternate account, not a person"
2036,ADDA,64,24577,482240,Sophie,Atkinson,Armed and Hammered,E,301,dcid,resolved,
2007,ADDA,64,24577,448402,Stephanie,Buehler,Armed and Hammered,E,301,dcid,resolved,
2008,ADDA,64,24577,448403,Lindsey,Cyr,Armed and Hammered,E,301,dcid,resolved,
2067,ADDA,64,24577,492652,Dylan,D'Angelo,Armed and Hammered,E,301,dcid,resolved,
669,ADDA,64,24577,448093,Chad,Haase,Armed and Hammered,E,301,dcid,resolved,
917,ADDA,64,24577,448391,Wendy,Lambert,Armed and Hammered,E,301,dcid,resolved,
2037,ADDA,64,24577,482241,Ethan,Thurmond,Armed and Hammered,E,301,dcid,resolved,
1071,ADDA,64,24577,448397,Clinton,Watkins,Armed and Hammered,E,301,dcid,resolved,
3301,ADDA,64,24577,454668,zz Alternate,zz,Armed and Hammered,E,301,dcid,placeholder,"shared DC alternate account, not a person"
1771,ADDA,64,24577,415467,Paul,Cloutier,Dart Attacks,E,209,dcid,resolved,
1456,ADDA,64,24577,415465,Ryan,Evans,Dart Attacks,E,209,dcid,resolved,
1780,ADDA,64,24577,415468,Thomas,Forbes,Dart Attacks,E,209,dcid,resolved,
943,ADDA,64,24577,201012,Bill,Griffin,Dart Attacks,E,209,dcid,resolved,
2092,ADDA,64,24577,522851,Mike,Lind,Dart Attacks,E,209,dcid,resolved,
1455,ADDA,64,24577,415466,Leanna,London,Dart Attacks,E,209,dcid,resolved,
1838,ADDA,64,24577,415469,Reaghan,Smith,Dart Attacks,E,209,dcid,resolved,
3209,ADDA,64,24577,416571,zz Alternate,zz,Dart Attacks,E,209,dcid,placeholder,"shared DC alternate account, not a person"
2111,ADDA,64,24577,531189,Chris,Dryja,Dartsiders,E,322,dcid,resolved,
2108,ADDA,64,24577,529745,Chrissy,McNamara,Dartsiders,E,322,dcid,resolved,
2107,ADDA,64,24577,529744,Jonathan,Miller,Dartsiders,E,322,dcid,resolved,
2106,ADDA,64,24577,529743,Paula,Poteet Storey,Dartsiders,E,322,dcid,resolved,
2101,ADDA,64,24577,529742,Ant,Storey,Dartsiders,E,322,dcid,resolved,
3322,ADDA,64,24577,531190,zz Alternate,zz,Dartsiders,E,322,dcid,placeholder,"shared DC alternate account, not a person"
2088,ADDA,64,24577,516581,Rebecca,Early,Plan B,E,314,dcid,resolved,
2076,ADDA,64,24577,508099,Bill,Jones,Plan B,E,314,dcid,resolved,
2072,ADDA,64,24577,508095,Janine,Kupersmith,Plan B,E,314,dcid,resolved,
2024,ADDA,64,24577,529643,Dave,Lea,Plan B,E,314,dcid,resolved,
2075,ADDA,64,24577,508098,Patricia,Liscio,Plan B,E,314,dcid,resolved,
2083,ADDA,64,24577,534234,Amariah,Love,Plan B,E,314,dcid,resolved,
2073,ADDA,64,24577,508096,Novarah,Mattiaccio,Plan B,E,314,dcid,resolved,
1764,ADDA,64,24577,482417,Julie,Moricle,Plan B,E,314,dcid,resolved,
2089,ADDA,64,24577,516582,Jennie,Myers,Plan B,E,314,dcid,resolved,
3314,ADDA,64,24577,515255,zz Alternate,zz,Plan B,E,314,dcid,placeholder,"shared DC alternate account, not a person"
2062,ADDA,64,24577,492008,Faughn,Adams,Turtle Tantrum Dart Club,E,312,dcid,resolved,
2063,ADDA,64,24577,492010,TJ,Carlton,Turtle Tantrum Dart Club,E,312,dcid,resolved,
2058,ADDA,64,24577,488151,Mike,McClellan,Turtle Tantrum Dart Club,E,312,dcid,resolved,
1471,ADDA,64,24577,416127,Charlene,Sotolongo,Turtle Tantrum Dart Club,E,312,dcid,resolved,
1470,ADDA,64,24577,416126,Tim,Truman,Turtle Tantrum Dart Club,E,312,dcid,resolved,
3312,ADDA,64,24577,492013,zz Alternate,zz,Turtle Tantrum Dart Club,E,312,dcid,placeholder,"shared DC alternate account, not a person"
2104,ADDA,64,24577,529647,Andy,Baptiste,Who Darted?,E,320,dcid,resolved,
2102,ADDA,64,24577,529645,Brittany,Baro,Who Darted?,E,320,dcid,resolved,
2077,ADDA,64,24577,507777,Mitch,Carlson,Who Darted?,E,320,dcid,resolved,
2100,ADDA,64,24577,529644,Remington,Hasty,Who Darted?,E,320,dcid,resolved,
2105,ADDA,64,24577,529646,Carlos,Moreno,Who Darted?,E,320,dcid,resolved,
2115,ADDA,64,24577,535809,Anthia,Sublett,Who Darted?,E,320,dcid,resolved,
2110,ADDA,64,24577,530309,Magda,Van De Vyver,Who Darted?,E,320,dcid,resolved,
3320,ADDA,64,24577,531218,zz Alternate,zz,Who Darted?,E,320,dcid,placeholder,"shared DC alternate account, not a person"
2021,ADDACL,23,12232,422451,Gene,Brighton,Artful Darters,Coed,305,dcid,resolved,
2020,ADDACL,23,12232,422450,Claudia,Orth,Artful Darters,Coed,305,dcid,resolved,
1329,ADDACL,23,12232,421820,Nickie,Adams,ATLiens,Coed,258,dcid,resolved,
1244,ADDACL,23,12232,421821,James,Hutchins,ATLiens,Coed,258,dcid,resolved,
1764,ADDACL,23,12232,421824,Julie,Moricle,Chute Whale,Coed,280,dcid,resolved,
4,ADDACL,23,12232,421825,Wade,Moricle,Chute Whale,Coed,280,dcid,resolved,
1011,ADDACL,23,12232,421818,Charlie,Cates,College of Dart and Resign,Coed,292,dcid,resolved,
291,ADDACL,23,12232,421819,Katie,Wyman,College of Dart and Resign,Coed,292,dcid,resolved,
1007,ADDACL,23,12232,421828,Laura,Steul,Dart Me Daddy,Coed,291,dcid,resolved,
1826,ADDACL,23,12232,421829,Mike,Walsh,Dart Me Daddy,Coed,291,dcid,resolved,dcid match; name not on canonical team roster for season
1128,ADDACL,23,12232,421814,Frank,Cassino,Don't Break My Dart,Coed,288,dcid,resolved,
427,ADDACL,23,12232,421815,Dacey,Hartsfield,Don't Break My Dart,Coed,288,dcid,resolved,
1860,ADDACL,23,12232,422445,Ted,Eader,Just The Tip,Coed,129,dcid,resolved,
2019,ADDACL,23,12232,422447,Julia,Littleton,Just The Tip,Coed,129,dcid,resolved,
433,ADDACL,23,12232,421817,Sara,Haskew,No Bulls Hit,Coed,233,dcid,resolved,
1108,ADDACL,23,12232,421816,Bretton,McIlrath,No Bulls Hit,Coed,233,dcid,resolved,
328,ADDACL,23,12232,422446,Kym,Hadzik,"Oh, High Mark",Coed,252,dcid,resolved,
995,ADDACL,23,12232,422448,Ryan,Price,"Oh, High Mark",Coed,252,dcid,resolved,
8,ADDACL,23,12232,422449,Gus,Glaw,Recovering Catholics,Coed,236,dcid,resolved,
1761,ADDACL,23,12232,422452,Peggy,Vazquez,Recovering Catholics,Coed,236,dcid,resolved,
1175,ADDACL,23,12232,421810,Brent,Harris,Snake Nation,Coed,286,dcid,resolved,
1448,ADDACL,23,12232,421809,Amelia,Hill,Snake Nation,Coed,286,dcid,resolved,
1854,ADDACL,23,12232,421822,Eric,Goodrich,Take Flight,Coed,303,dcid,resolved,
1856,ADDACL,23,12232,421823,Taylor,Schmidt,Take Flight,Coed,303,dcid,resolved,
783,ADDACL,23,12232,422454,Brook,Caballero,We've Already Won,Coed,183,dcid,resolved,
425,ADDACL,23,12232,422453,Donald,Kjorlien,We've Already Won,Coed,183,dcid,resolved,
2025,ADDACL,24,15330,450937,Shelby,Busha,Andrew and Shelby,Coed,306,dcid,resolved,
551,ADDACL,24,15330,450936,Andrew,Cutcher,Andrew and Shelby,Coed,306,dcid,resolved,
2021,ADDACL,24,15330,422451,Gene,Brighton,Artful Darters,Coed,305,dcid,resolved,
2020,ADDACL,24,15330,422450,Claudia,Orth,Artful Darters,Coed,305,dcid,resolved,
1329,ADDACL,24,15330,421820,Nickie,Adams,ATLiens,Coed,258,dcid,resolved,
1244,ADDACL,24,15330,421821,James,Hutchins,ATLiens,Coed,258,dcid,resolved,
1764,ADDACL,24,15330,421824,Julie,Moricle,Chute Whale,Coed,280,dcid,resolved,
4,ADDACL,24,15330,421825,Wade,Moricle,Chute Whale,Coed,280,dcid,resolved,
1011,ADDACL,24,15330,421818,Charlie,Cates,College of Dart and Resign,Coed,292,dcid,resolved,
291,ADDACL,24,15330,421819,Katie,Wyman,College of Dart and Resign,Coed,292,dcid,resolved,
1128,ADDACL,24,15330,421814,Frank,Cassino,Don't Break My Dart,Coed,288,dcid,resolved,
427,ADDACL,24,15330,421815,Dacey,Hartsfield,Don't Break My Dart,Coed,288,dcid,resolved,
433,ADDACL,24,15330,421817,Sara,Haskew,No Bulls Hit,Coed,233,dcid,resolved,
1108,ADDACL,24,15330,421816,Bretton,McIlrath,No Bulls Hit,Coed,233,dcid,resolved,
8,ADDACL,24,15330,422449,Gus,Glaw,Recovering Catholics,Coed,236,dcid,resolved,
1761,ADDACL,24,15330,422452,Peggy,Vazquez,Recovering Catholics,Coed,236,dcid,resolved,
2023,ADDACL,24,15330,450931,Deidre,Harrison,Stupid Triple 1,Coed,308,dcid,resolved,
2024,ADDACL,24,15330,450933,Dave,Lea,Stupid Triple 1,Coed,308,dcid,resolved,
623,ADDACL,24,15330,450929,Melissa,Abreu,Tempo Martelo,Coed,166,dcid,resolved,
1,ADDACL,24,15330,450928,Justin,Stewart,Tempo Martelo,Coed,166,dcid,resolved,
2026,ADDACL,24,15330,450941,A.C.,Flynn,Thrown Together,Coed,307,dcid,resolved,
1397,ADDACL,24,15330,450939,Doug,Holloway,Thrown Together,Coed,307,dcid,resolved,
783,ADDACL,24,15330,422454,Brook,Caballero,We've Already Won,Coed,183,dcid,resolved,
425,ADDACL,24,15330,422453,Donald,Kjorlien,We've Already Won,Coed,183,dcid,resolved,
2021,ADDACL,25,18043,422451,Gene,Brighton,Artful Darters,Coed,305,dcid,resolved,
2020,ADDACL,25,18043,422450,Claudia,Orth,Artful Darters,Coed,305,dcid,resolved,
1329,ADDACL,25,18043,421820,Nickie,Adams,ATLiens,Coed,258,dcid,resolved,
1244,ADDACL,25,18043,421821,James,Hutchins,ATLiens,Coed,258,dcid,resolved,
1764,ADDACL,25,18043,421824,Julie,Moricle,Chute Whale,Coed,280,dcid,resolved,
4,ADDACL,25,18043,421825,Wade,Moricle,Chute Whale,Coed,280,dcid,resolved,
1128,ADDACL,25,18043,421814,Frank,Cassino,Don't Break My Dart,Coed,288,dcid,resolved,
427,ADDACL,25,18043,421815,Dacey,Hartsfield,Don't Break My Dart,Coed,288,dcid,resolved,
433,ADDACL,25,18043,421817,Sara,Haskew,No Bulls Hit,Coed,233,dcid,resolved,
1108,ADDACL,25,18043,421816,Bretton,McIlrath,No Bulls Hit,Coed,233,dcid,resolved,
2049,ADDACL,25,18043,482811,Cameron,Hale,"No Skill, Just Luck",Coed,313,dcid,resolved,
1359,ADDACL,25,18043,482810,Eli,Sanders,"No Skill, Just Luck",Coed,313,dcid,resolved,
8,ADDACL,25,18043,422449,Gus,Glaw,Recovering Catholics,Coed,236,dcid,resolved,
1761,ADDACL,25,18043,422452,Peggy,Vazquez,Recovering Catholics,Coed,236,dcid,resolved,
1175,ADDACL,25,18043,421810,Brent,Harris,Snake Nation,Coed,286,dcid,resolved,
1448,ADDACL,25,18043,421809,Amelia,Hill,Snake Nation,Coed,286,dcid,resolved,
2023,ADDACL,25,18043,450931,Deidre,Harrison,Stupid Triple 1,Coed,308,dcid,resolved,
2024,ADDACL,25,18043,450933,Dave,Lea,Stupid Triple 1,Coed,308,dcid,resolved,
623,ADDACL,25,18043,450929,Melissa,Abreu,Tempo Martelo,Coed,166,dcid,resolved,
1,ADDACL,25,18043,450928,Justin,Stewart,Tempo Martelo,Coed,166,dcid,resolved,
2026,ADDACL,25,18043,450941,A.C.,Flynn,Thrown Together,Coed,307,dcid,resolved,
1397,ADDACL,25,18043,450939,Doug,Holloway,Thrown Together,Coed,307,dcid,resolved,
783,ADDACL,25,18043,422454,Brook,Caballero,We've Already Won,Coed,183,dcid,resolved,
425,ADDACL,25,18043,422453,Donald,Kjorlien,We've Already Won,Coed,183,dcid,resolved,
1329,ADDACL,26,21067,421820,Nickie,Adams,ATLiens,Coed,258,dcid,resolved,
1244,ADDACL,26,21067,421821,James,Hutchins,ATLiens,Coed,258,dcid,resolved,
1011,ADDACL,26,21067,421818,Charlie,Cates,Basically Unknowable,Coed,317,dcid,resolved,
2083,ADDACL,26,21067,513453,Amariah,Love,Basically Unknowable,Coed,317,dcid,resolved,
1764,ADDACL,26,21067,421824,Julie,Moricle,Chute Whale,Coed,280,dcid,resolved,
4,ADDACL,26,21067,421825,Wade,Moricle,Chute Whale,Coed,280,dcid,resolved,
2090,ADDACL,26,21067,516628,Alanna,Roszina,Dart Divas,Coed,318,dcid,resolved,
2091,ADDACL,26,21067,516629,Ryan,Whitmire,Dart Divas,Coed,318,dcid,resolved,
433,ADDACL,26,21067,421817,Sara,Haskew,No Bulls Hit,Coed,233,dcid,resolved,
1108,ADDACL,26,21067,421816,Bretton,McIlrath,No Bulls Hit,Coed,233,dcid,resolved,
8,ADDACL,26,21067,422449,Gus,Glaw,Recovering Catholics,Coed,236,dcid,resolved,
1761,ADDACL,26,21067,422452,Peggy,Vazquez,Recovering Catholics,Coed,236,dcid,resolved,
1175,ADDACL,26,21067,421810,Brent,Harris,Snake Nation,Coed,286,dcid,resolved,
1448,ADDACL,26,21067,421809,Amelia,Hill,Snake Nation,Coed,286,dcid,resolved,
2023,ADDACL,26,21067,450931,Deidre,Harrison,Stupid Triple 1,Coed,308,dcid,resolved,
2024,ADDACL,26,21067,450933,Dave,Lea,Stupid Triple 1,Coed,308,dcid,resolved,
2026,ADDACL,26,21067,450941,A.C.,Flynn,Thrown Together,Coed,307,dcid,resolved,
1397,ADDACL,26,21067,450939,Doug,Holloway,Thrown Together,Coed,307,dcid,resolved,
720,ADDACL,26,21067,510002,Gareth,Buckley,Two Tossers,Coed,315,dcid,resolved,
1002,ADDACL,26,21067,421812,Heather,Koth,Two Tossers,Coed,315,dcid,resolved,
783,ADDACL,26,21067,422454,Brook,Caballero,We've Already Won,Coed,183,dcid,resolved,
425,ADDACL,26,21067,422453,Donald,Kjorlien,We've Already Won,Coed,183,dcid,resolved,
2106,ADDACL,27,24205,538798,Paula,Poteet Storey,A-P-D,Coed,323,dcid,resolved,
2101,ADDACL,27,24205,538799,Ant,Storey,A-P-D,Coed,323,dcid,resolved,
1329,ADDACL,27,24205,421820,Nickie,Adams,ATLiens,Coed,258,dcid,resolved,
1244,ADDACL,27,24205,421821,James,Hutchins,ATLiens,Coed,258,dcid,resolved,
2013,ADDACL,27,24205,538800,Aneal,Khimani,Bless Your Dart,Coed,324,dcid,resolved,
2070,ADDACL,27,24205,538801,Abi,Thombley,Bless Your Dart,Coed,324,dcid,resolved,
1764,ADDACL,27,24205,421824,Julie,Moricle,Chute Whale,Coed,280,dcid,resolved,
4,ADDACL,27,24205,421825,Wade,Moricle,Chute Whale,Coed,280,dcid,resolved,
2077,ADDACL,27,24205,538803,Mitch,Carlson,Dartocracy of the Oche,Coed,325,dcid,resolved,
2089,ADDACL,27,24205,538802,Jennie,Myers,Dartocracy of the Oche,Coed,325,dcid,resolved,
2083,ADDACL,27,24205,513453,Amariah,Love,Flight Risk,Coed,326,dcid,resolved,
2118,ADDACL,27,24205,538957,Jacob,Sloan,Flight Risk,Coed,326,dcid,resolved,
433,ADDACL,27,24205,421817,Sara,Haskew,No Bulls Hit,Coed,233,dcid,resolved,
1108,ADDACL,27,24205,421816,Bretton,McIlrath,No Bulls Hit,Coed,233,dcid,resolved,
8,ADDACL,27,24205,422449,Gus,Glaw,Recovering Catholics,Coed,236,dcid,resolved,
1761,ADDACL,27,24205,422452,Peggy,Vazquez,Recovering Catholics,Coed,236,dcid,resolved,
2119,ADDACL,27,24205,539628,Caitlyn,Greene,She’s Just Here for the Beer,Coed,328,dcid,resolved,
2044,ADDACL,27,24205,539627,Travis,Pulliam,She’s Just Here for the Beer,Coed,328,dcid,resolved,
1175,ADDACL,27,24205,421810,Brent,Harris,Snake Nation,Coed,286,dcid,resolved,
1448,ADDACL,27,24205,421809,Amelia,Hill,Snake Nation,Coed,286,dcid,resolved,
2023,ADDACL,27,24205,450931,Deidre,Harrison,Stupid Triple 1,Coed,308,dcid,resolved,
2024,ADDACL,27,24205,450933,Dave,Lea,Stupid Triple 1,Coed,308,dcid,resolved,
2026,ADDACL,27,24205,450941,A.C.,Flynn,Thrown Together,Coed,307,dcid,resolved,
1397,ADDACL,27,24205,450939,Doug,Holloway,Thrown Together,Coed,307,dcid,resolved,
